{"2": [{"segundo": 100, "angle1": 173, "angle2": 169}, {"segundo": 100, "angle1": 173, "angle2": 169}, {"segundo": 100, "angle1": 173, "angle2": 169}, {"segundo": 100, "angle1": 174, "angle2": 168}, {"segundo": 100, "angle1": 175, "angle2": 169}, {"segundo": 100, "angle1": 174, "angle2": 168}, {"segundo": 100, "angle1": 173, "angle2": 171}, {"segundo": 100, "angle1": 174, "angle2": 170}, {"segundo": 100, "angle1": 174, "angle2": 170}, {"segundo": 100, "angle1": 174, "angle2": 170}, {"segundo": 100, "angle1": 173, "angle2": 170}, {"segundo": 100, "angle1": 173, "angle2": 171}, {"segundo": 100, "angle1": 173, "angle2": 170}, {"segundo": 100, "angle1": 173, "angle2": 170}, {"segundo": 100, "angle1": 173, "angle2": 170}, {"segundo": 100, "angle1": 174, "angle2": 170}, {"segundo": 100, "angle1": 175, "angle2": 168}, {"segundo": 100, "angle1": 173, "angle2": 170}, {"segundo": 100, "angle1": 174, "angle2": 170}, {"segundo": 100, "angle1": 174, "angle2": 171}, {"segundo": 100, "angle1": 173, "angle2": 171}, {"segundo": 100, "angle1": 174, "angle2": 168}, {"segundo": 100, "angle1": 173, "angle2": 171}, {"segundo": 100, "angle1": 173, "angle2": 171}, {"segundo": 100, "angle1": 174, "angle2": 171}, {"segundo": 100, "angle1": 173, "angle2": 170}, {"segundo": 100, "angle1": 175, "angle2": 169}, {"segundo": 100, "angle1": 174, "angle2": 168}, {"segundo": 100, "angle1": 174, "angle2": 168}, {"segundo": 101, "angle1": 173, "angle2": 170}, {"segundo": 101, "angle1": 175, "angle2": 169}, {"segundo": 101, "angle1": 173, "angle2": 169}, {"segundo": 101, "angle1": 173, "angle2": 170}, {"segundo": 101, "angle1": 175, "angle2": 168}, {"segundo": 101, "angle1": 173, "angle2": 171}, {"segundo": 101, "angle1": 173, "angle2": 170}, {"segundo": 101, "angle1": 173, "angle2": 169}, {"segundo": 101, "angle1": 173, "angle2": 171}, {"segundo": 101, "angle1": 174, "angle2": 168}, {"segundo": 101, "angle1": 175, "angle2": 168}, {"segundo": 101, "angle1": 173, "angle2": 170}, {"segundo": 101, "angle1": 173, "angle2": 170}, {"segundo": 101, "angle1": 173, "angle2": 171}, {"segundo": 101, "angle1": 175, "angle2": 169}, {"segundo": 101, "angle1": 173, "angle2": 171}, {"segundo": 101, "angle1": 175, "angle2": 168}, {"segundo": 101, "angle1": 173, "angle2": 170}, {"segundo": 101, "angle1": 173, "angle2": 170}, {"segundo": 101, "angle1": 174, "angle2": 168}, {"segundo": 101, "angle1": 173, "angle2": 169}, {"segundo": 101, "angle1": 173, "angle2": 170}, {"segundo": 101, "angle1": 175, "angle2": 168}, {"segundo": 101, "angle1": 174, "angle2": 171}, {"segundo": 101, "angle1": 173, "angle2": 170}, {"segundo": 101, "angle1": 173, "angle2": 170}, {"segundo": 101, "angle1": 174, "angle2": 168}, {"segundo": 101, "angle1": 173, "angle2": 171}, {"segundo": 101, "angle1": 174, "angle2": 170}, {"segundo": 101, "angle1": 175, "angle2": 168}, {"segundo": 101, "angle1": 173, "angle2": 169}, {"segundo": 101, "angle1": 173, "angle2": 169}, {"segundo": 102, "angle1": 173, "angle2": 170}, {"segundo": 102, "angle1": 175, "angle2": 168}, {"segundo": 102, "angle1": 173, "angle2": 170}, {"segundo": 102, "angle1": 173, "angle2": 170}, {"segundo": 102, "angle1": 174, "angle2": 170}, {"segundo": 102, "angle1": 174, "angle2": 170}, {"segundo": 102, "angle1": 172, "angle2": 172}, {"segundo": 102, "angle1": 173, "angle2": 170}, {"segundo": 102, "angle1": 173, "angle2": 169}, {"segundo": 102, "angle1": 173, "angle2": 169}, {"segundo": 102, "angle1": 173, "angle2": 170}, {"segundo": 102, "angle1": 174, "angle2": 171}, {"segundo": 102, "angle1": 174, "angle2": 169}, {"segundo": 102, "angle1": 174, "angle2": 169}, {"segundo": 102, "angle1": 174, "angle2": 169}, {"segundo": 102, "angle1": 174, "angle2": 170}, {"segundo": 102, "angle1": 174, "angle2": 170}, {"segundo": 102, "angle1": 174, "angle2": 170}, {"segundo": 102, "angle1": 174, "angle2": 169}, {"segundo": 102, "angle1": 175, "angle2": 170}, {"segundo": 102, "angle1": 175, "angle2": 169}, {"segundo": 102, "angle1": 175, "angle2": 169}, {"segundo": 102, "angle1": 174, "angle2": 171}, {"segundo": 102, "angle1": 175, "angle2": 170}, {"segundo": 102, "angle1": 175, "angle2": 170}, {"segundo": 102, "angle1": 173, "angle2": 171}, {"segundo": 102, "angle1": 173, "angle2": 171}, {"segundo": 102, "angle1": 173, "angle2": 171}, {"segundo": 102, "angle1": 175, "angle2": 170}, {"segundo": 102, "angle1": 174, "angle2": 170}, {"segundo": 102, "angle1": 172, "angle2": 171}, {"segundo": 102, "angle1": 174, "angle2": 170}, {"segundo": 103, "angle1": 174, "angle2": 170}, {"segundo": 103, "angle1": 173, "angle2": 171}, {"segundo": 103, "angle1": 174, "angle2": 171}, {"segundo": 103, "angle1": 174, "angle2": 169}, {"segundo": 103, "angle1": 176, "angle2": 169}, {"segundo": 103, "angle1": 174, "angle2": 169}, {"segundo": 103, "angle1": 174, "angle2": 171}, {"segundo": 103, "angle1": 174, "angle2": 171}, {"segundo": 103, "angle1": 174, "angle2": 171}, {"segundo": 103, "angle1": 172, "angle2": 172}, {"segundo": 103, "angle1": 174, "angle2": 171}, {"segundo": 103, "angle1": 174, "angle2": 170}, {"segundo": 103, "angle1": 172, "angle2": 172}, {"segundo": 103, "angle1": 175, "angle2": 169}, {"segundo": 103, "angle1": 172, "angle2": 171}, {"segundo": 103, "angle1": 174, "angle2": 170}, {"segundo": 103, "angle1": 175, "angle2": 171}, {"segundo": 103, "angle1": 173, "angle2": 171}, {"segundo": 103, "angle1": 173, "angle2": 171}, {"segundo": 103, "angle1": 174, "angle2": 169}, {"segundo": 103, "angle1": 173, "angle2": 171}, {"segundo": 103, "angle1": 174, "angle2": 171}, {"segundo": 103, "angle1": 175, "angle2": 169}, {"segundo": 103, "angle1": 174, "angle2": 171}, {"segundo": 103, "angle1": 173, "angle2": 170}, {"segundo": 103, "angle1": 173, "angle2": 170}, {"segundo": 103, "angle1": 174, "angle2": 170}, {"segundo": 103, "angle1": 174, "angle2": 171}, {"segundo": 103, "angle1": 174, "angle2": 170}, {"segundo": 103, "angle1": 174, "angle2": 171}, {"segundo": 103, "angle1": 175, "angle2": 169}, {"segundo": 104, "angle1": 175, "angle2": 170}, {"segundo": 104, "angle1": 175, "angle2": 170}, {"segundo": 104, "angle1": 175, "angle2": 169}, {"segundo": 104, "angle1": 173, "angle2": 170}, {"segundo": 104, "angle1": 175, "angle2": 169}, {"segundo": 104, "angle1": 174, "angle2": 171}, {"segundo": 104, "angle1": 173, "angle2": 170}, {"segundo": 104, "angle1": 176, "angle2": 169}, {"segundo": 104, "angle1": 175, "angle2": 169}, {"segundo": 104, "angle1": 173, "angle2": 171}, {"segundo": 104, "angle1": 176, "angle2": 169}, {"segundo": 104, "angle1": 174, "angle2": 171}, {"segundo": 104, "angle1": 175, "angle2": 169}, {"segundo": 104, "angle1": 175, "angle2": 169}, {"segundo": 104, "angle1": 174, "angle2": 170}, {"segundo": 104, "angle1": 174, "angle2": 170}, {"segundo": 104, "angle1": 174, "angle2": 169}, {"segundo": 104, "angle1": 175, "angle2": 169}, {"segundo": 104, "angle1": 174, "angle2": 171}, {"segundo": 104, "angle1": 172, "angle2": 171}, {"segundo": 104, "angle1": 174, "angle2": 171}, {"segundo": 104, "angle1": 172, "angle2": 170}, {"segundo": 104, "angle1": 173, "angle2": 171}, {"segundo": 104, "angle1": 173, "angle2": 171}, {"segundo": 104, "angle1": 175, "angle2": 169}, {"segundo": 104, "angle1": 174, "angle2": 171}, {"segundo": 104, "angle1": 173, "angle2": 171}, {"segundo": 104, "angle1": 174, "angle2": 169}, {"segundo": 104, "angle1": 175, "angle2": 169}, {"segundo": 104, "angle1": 175, "angle2": 169}, {"segundo": 104, "angle1": 176, "angle2": 169}, {"segundo": 104, "angle1": 173, "angle2": 170}, {"segundo": 105, "angle1": 173, "angle2": 170}, {"segundo": 105, "angle1": 175, "angle2": 169}, {"segundo": 105, "angle1": 175, "angle2": 169}, {"segundo": 105, "angle1": 175, "angle2": 169}, {"segundo": 105, "angle1": 175, "angle2": 169}, {"segundo": 105, "angle1": 175, "angle2": 169}, {"segundo": 105, "angle1": 175, "angle2": 169}, {"segundo": 105, "angle1": 175, "angle2": 169}, {"segundo": 105, "angle1": 175, "angle2": 169}, {"segundo": 105, "angle1": 175, "angle2": 169}, {"segundo": 105, "angle1": 175, "angle2": 169}, {"segundo": 105, "angle1": 175, "angle2": 169}, {"segundo": 105, "angle1": 175, "angle2": 169}, {"segundo": 105, "angle1": 175, "angle2": 169}, {"segundo": 105, "angle1": 175, "angle2": 169}, {"segundo": 105, "angle1": 175, "angle2": 169}, {"segundo": 105, "angle1": 175, "angle2": 169}, {"segundo": 105, "angle1": 175, "angle2": 169}, {"segundo": 105, "angle1": 175, "angle2": 169}, {"segundo": 105, "angle1": 175, "angle2": 169}, {"segundo": 105, "angle1": 175, "angle2": 169}, {"segundo": 105, "angle1": 175, "angle2": 169}, {"segundo": 105, "angle1": 175, "angle2": 169}, {"segundo": 105, "angle1": 175, "angle2": 169}, {"segundo": 105, "angle1": 175, "angle2": 169}, {"segundo": 105, "angle1": 175, "angle2": 169}, {"segundo": 105, "angle1": 175, "angle2": 169}, {"segundo": 105, "angle1": 175, "angle2": 169}, {"segundo": 105, "angle1": 175, "angle2": 169}, {"segundo": 105, "angle1": 175, "angle2": 169}, {"segundo": 105, "angle1": 175, "angle2": 169}, {"segundo": 105, "angle1": 175, "angle2": 169}, {"segundo": 106, "angle1": 175, "angle2": 169}, {"segundo": 106, "angle1": 175, "angle2": 169}, {"segundo": 106, "angle1": 175, "angle2": 169}, {"segundo": 106, "angle1": 175, "angle2": 169}, {"segundo": 106, "angle1": 175, "angle2": 169}, {"segundo": 106, "angle1": 175, "angle2": 169}, {"segundo": 106, "angle1": 175, "angle2": 169}, {"segundo": 106, "angle1": 175, "angle2": 169}, {"segundo": 106, "angle1": 175, "angle2": 169}, {"segundo": 106, "angle1": 175, "angle2": 169}, {"segundo": 106, "angle1": 175, "angle2": 169}, {"segundo": 106, "angle1": 175, "angle2": 169}, {"segundo": 106, "angle1": 175, "angle2": 169}, {"segundo": 106, "angle1": 175, "angle2": 169}, {"segundo": 106, "angle1": 175, "angle2": 169}, {"segundo": 106, "angle1": 175, "angle2": 169}, {"segundo": 106, "angle1": 175, "angle2": 169}, {"segundo": 106, "angle1": 175, "angle2": 169}, {"segundo": 106, "angle1": 175, "angle2": 169}, {"segundo": 106, "angle1": 175, "angle2": 169}, {"segundo": 106, "angle1": 175, "angle2": 169}, {"segundo": 106, "angle1": 175, "angle2": 169}, {"segundo": 106, "angle1": 175, "angle2": 169}, {"segundo": 106, "angle1": 175, "angle2": 169}, {"segundo": 106, "angle1": 175, "angle2": 169}, {"segundo": 106, "angle1": 173, "angle2": 169}, {"segundo": 106, "angle1": 173, "angle2": 171}, {"segundo": 106, "angle1": 174, "angle2": 171}, {"segundo": 106, "angle1": 172, "angle2": 172}, {"segundo": 106, "angle1": 174, "angle2": 170}, {"segundo": 106, "angle1": 174, "angle2": 171}, {"segundo": 106, "angle1": 174, "angle2": 170}, {"segundo": 107, "angle1": 174, "angle2": 169}, {"segundo": 107, "angle1": 174, "angle2": 170}, {"segundo": 107, "angle1": 173, "angle2": 169}, {"segundo": 107, "angle1": 174, "angle2": 171}, {"segundo": 107, "angle1": 174, "angle2": 169}, {"segundo": 107, "angle1": 172, "angle2": 171}, {"segundo": 107, "angle1": 172, "angle2": 171}, {"segundo": 107, "angle1": 173, "angle2": 170}, {"segundo": 107, "angle1": 174, "angle2": 170}, {"segundo": 107, "angle1": 173, "angle2": 170}, {"segundo": 107, "angle1": 175, "angle2": 169}, {"segundo": 107, "angle1": 173, "angle2": 171}, {"segundo": 107, "angle1": 174, "angle2": 169}, {"segundo": 107, "angle1": 173, "angle2": 171}, {"segundo": 107, "angle1": 174, "angle2": 169}, {"segundo": 107, "angle1": 172, "angle2": 171}, {"segundo": 107, "angle1": 173, "angle2": 171}, {"segundo": 107, "angle1": 173, "angle2": 169}, {"segundo": 107, "angle1": 172, "angle2": 171}, {"segundo": 107, "angle1": 174, "angle2": 169}, {"segundo": 107, "angle1": 173, "angle2": 171}, {"segundo": 107, "angle1": 175, "angle2": 170}, {"segundo": 107, "angle1": 173, "angle2": 171}, {"segundo": 107, "angle1": 175, "angle2": 170}, {"segundo": 107, "angle1": 174, "angle2": 169}, {"segundo": 107, "angle1": 173, "angle2": 171}, {"segundo": 107, "angle1": 175, "angle2": 170}, {"segundo": 107, "angle1": 175, "angle2": 170}, {"segundo": 107, "angle1": 175, "angle2": 170}, {"segundo": 107, "angle1": 175, "angle2": 169}, {"segundo": 107, "angle1": 173, "angle2": 171}, {"segundo": 107, "angle1": 173, "angle2": 171}, {"segundo": 108, "angle1": 174, "angle2": 169}, {"segundo": 108, "angle1": 174, "angle2": 170}, {"segundo": 108, "angle1": 175, "angle2": 170}, {"segundo": 108, "angle1": 174, "angle2": 170}, {"segundo": 108, "angle1": 174, "angle2": 170}, {"segundo": 108, "angle1": 174, "angle2": 169}, {"segundo": 108, "angle1": 172, "angle2": 170}, {"segundo": 108, "angle1": 174, "angle2": 170}, {"segundo": 108, "angle1": 174, "angle2": 170}, {"segundo": 108, "angle1": 174, "angle2": 170}, {"segundo": 111, "angle1": 189, "angle2": 186}, {"segundo": 111, "angle1": 192, "angle2": 186}, {"segundo": 111, "angle1": 191, "angle2": 185}, {"segundo": 111, "angle1": 191, "angle2": 184}, {"segundo": 111, "angle1": 190, "angle2": 186}, {"segundo": 111, "angle1": 190, "angle2": 186}, {"segundo": 113, "angle1": 189, "angle2": 186}, {"segundo": 113, "angle1": 190, "angle2": 187}, {"segundo": 113, "angle1": 189, "angle2": 185}, {"segundo": 113, "angle1": 191, "angle2": 186}, {"segundo": 113, "angle1": 190, "angle2": 185}, {"segundo": 113, "angle1": 190, "angle2": 185}, {"segundo": 113, "angle1": 191, "angle2": 185}, {"segundo": 113, "angle1": 189, "angle2": 187}, {"segundo": 113, "angle1": 189, "angle2": 187}, {"segundo": 113, "angle1": 189, "angle2": 187}, {"segundo": 113, "angle1": 192, "angle2": 185}, {"segundo": 113, "angle1": 192, "angle2": 185}, {"segundo": 113, "angle1": 192, "angle2": 185}, {"segundo": 113, "angle1": 192, "angle2": 185}, {"segundo": 113, "angle1": 192, "angle2": 185}, {"segundo": 113, "angle1": 192, "angle2": 185}, {"segundo": 113, "angle1": 190, "angle2": 187}, {"segundo": 113, "angle1": 190, "angle2": 187}, {"segundo": 114, "angle1": 190, "angle2": 185}, {"segundo": 114, "angle1": 190, "angle2": 185}, {"segundo": 114, "angle1": 191, "angle2": 186}, {"segundo": 114, "angle1": 190, "angle2": 185}, {"segundo": 114, "angle1": 190, "angle2": 185}, {"segundo": 114, "angle1": 192, "angle2": 186}, {"segundo": 114, "angle1": 189, "angle2": 187}, {"segundo": 114, "angle1": 191, "angle2": 186}, {"segundo": 114, "angle1": 191, "angle2": 185}, {"segundo": 114, "angle1": 189, "angle2": 187}, {"segundo": 114, "angle1": 192, "angle2": 185}, {"segundo": 114, "angle1": 192, "angle2": 185}, {"segundo": 114, "angle1": 189, "angle2": 187}, {"segundo": 114, "angle1": 190, "angle2": 186}, {"segundo": 114, "angle1": 191, "angle2": 185}, {"segundo": 114, "angle1": 191, "angle2": 185}, {"segundo": 114, "angle1": 192, "angle2": 185}, {"segundo": 114, "angle1": 189, "angle2": 186}, {"segundo": 114, "angle1": 189, "angle2": 186}, {"segundo": 114, "angle1": 189, "angle2": 186}, {"segundo": 114, "angle1": 192, "angle2": 185}, {"segundo": 114, "angle1": 192, "angle2": 185}, {"segundo": 114, "angle1": 190, "angle2": 186}, {"segundo": 114, "angle1": 189, "angle2": 186}, {"segundo": 114, "angle1": 190, "angle2": 187}, {"segundo": 114, "angle1": 190, "angle2": 186}, {"segundo": 114, "angle1": 192, "angle2": 185}, {"segundo": 114, "angle1": 190, "angle2": 187}, {"segundo": 114, "angle1": 190, "angle2": 187}, {"segundo": 114, "angle1": 189, "angle2": 187}, {"segundo": 114, "angle1": 191, "angle2": 185}, {"segundo": 114, "angle1": 190, "angle2": 186}, {"segundo": 115, "angle1": 191, "angle2": 185}, {"segundo": 115, "angle1": 189, "angle2": 186}, {"segundo": 115, "angle1": 193, "angle2": 184}, {"segundo": 115, "angle1": 192, "angle2": 185}, {"segundo": 115, "angle1": 189, "angle2": 186}, {"segundo": 115, "angle1": 189, "angle2": 187}, {"segundo": 115, "angle1": 189, "angle2": 187}, {"segundo": 115, "angle1": 191, "angle2": 185}, {"segundo": 115, "angle1": 191, "angle2": 185}, {"segundo": 115, "angle1": 189, "angle2": 187}, {"segundo": 115, "angle1": 191, "angle2": 186}, {"segundo": 115, "angle1": 190, "angle2": 186}, {"segundo": 115, "angle1": 190, "angle2": 185}, {"segundo": 115, "angle1": 191, "angle2": 186}, {"segundo": 115, "angle1": 191, "angle2": 186}, {"segundo": 115, "angle1": 190, "angle2": 185}, {"segundo": 115, "angle1": 190, "angle2": 185}, {"segundo": 115, "angle1": 190, "angle2": 185}, {"segundo": 115, "angle1": 191, "angle2": 186}, {"segundo": 115, "angle1": 189, "angle2": 187}, {"segundo": 115, "angle1": 191, "angle2": 185}, {"segundo": 115, "angle1": 191, "angle2": 185}, {"segundo": 115, "angle1": 191, "angle2": 185}, {"segundo": 115, "angle1": 189, "angle2": 187}, {"segundo": 115, "angle1": 191, "angle2": 185}, {"segundo": 115, "angle1": 189, "angle2": 187}, {"segundo": 115, "angle1": 189, "angle2": 187}, {"segundo": 115, "angle1": 192, "angle2": 185}, {"segundo": 115, "angle1": 191, "angle2": 185}, {"segundo": 115, "angle1": 190, "angle2": 186}, {"segundo": 115, "angle1": 190, "angle2": 186}, {"segundo": 115, "angle1": 189, "angle2": 186}, {"segundo": 116, "angle1": 192, "angle2": 185}, {"segundo": 116, "angle1": 192, "angle2": 185}, {"segundo": 116, "angle1": 189, "angle2": 187}, {"segundo": 116, "angle1": 193, "angle2": 184}, {"segundo": 116, "angle1": 189, "angle2": 187}, {"segundo": 116, "angle1": 190, "angle2": 187}, {"segundo": 116, "angle1": 191, "angle2": 186}, {"segundo": 116, "angle1": 190, "angle2": 185}, {"segundo": 116, "angle1": 191, "angle2": 186}, {"segundo": 116, "angle1": 191, "angle2": 186}, {"segundo": 116, "angle1": 190, "angle2": 185}, {"segundo": 116, "angle1": 191, "angle2": 186}, {"segundo": 116, "angle1": 191, "angle2": 186}, {"segundo": 116, "angle1": 190, "angle2": 186}, {"segundo": 116, "angle1": 190, "angle2": 185}, {"segundo": 116, "angle1": 192, "angle2": 187}, {"segundo": 116, "angle1": 192, "angle2": 187}, {"segundo": 116, "angle1": 190, "angle2": 186}, {"segundo": 116, "angle1": 191, "angle2": 186}, {"segundo": 116, "angle1": 191, "angle2": 186}, {"segundo": 116, "angle1": 191, "angle2": 186}, {"segundo": 116, "angle1": 191, "angle2": 186}, {"segundo": 116, "angle1": 190, "angle2": 185}, {"segundo": 116, "angle1": 191, "angle2": 186}, {"segundo": 116, "angle1": 191, "angle2": 186}, {"segundo": 116, "angle1": 191, "angle2": 186}, {"segundo": 116, "angle1": 191, "angle2": 186}, {"segundo": 116, "angle1": 191, "angle2": 186}, {"segundo": 116, "angle1": 190, "angle2": 186}, {"segundo": 116, "angle1": 190, "angle2": 185}, {"segundo": 116, "angle1": 190, "angle2": 186}, {"segundo": 117, "angle1": 190, "angle2": 187}, {"segundo": 117, "angle1": 188, "angle2": 187}, {"segundo": 117, "angle1": 190, "angle2": 187}, {"segundo": 117, "angle1": 191, "angle2": 186}, {"segundo": 117, "angle1": 192, "angle2": 185}, {"segundo": 117, "angle1": 191, "angle2": 187}, {"segundo": 117, "angle1": 190, "angle2": 186}, {"segundo": 117, "angle1": 190, "angle2": 186}, {"segundo": 117, "angle1": 190, "angle2": 185}, {"segundo": 117, "angle1": 188, "angle2": 187}, {"segundo": 117, "angle1": 191, "angle2": 186}, {"segundo": 117, "angle1": 191, "angle2": 186}, {"segundo": 117, "angle1": 191, "angle2": 186}, {"segundo": 117, "angle1": 191, "angle2": 186}, {"segundo": 117, "angle1": 188, "angle2": 187}, {"segundo": 117, "angle1": 190, "angle2": 185}, {"segundo": 117, "angle1": 191, "angle2": 186}, {"segundo": 117, "angle1": 191, "angle2": 186}, {"segundo": 117, "angle1": 191, "angle2": 186}, {"segundo": 117, "angle1": 191, "angle2": 186}, {"segundo": 117, "angle1": 188, "angle2": 187}, {"segundo": 117, "angle1": 190, "angle2": 186}, {"segundo": 117, "angle1": 190, "angle2": 187}, {"segundo": 117, "angle1": 190, "angle2": 186}, {"segundo": 117, "angle1": 190, "angle2": 187}, {"segundo": 117, "angle1": 191, "angle2": 185}, {"segundo": 117, "angle1": 190, "angle2": 187}, {"segundo": 117, "angle1": 191, "angle2": 187}, {"segundo": 117, "angle1": 189, "angle2": 186}, {"segundo": 117, "angle1": 191, "angle2": 185}, {"segundo": 117, "angle1": 190, "angle2": 187}, {"segundo": 117, "angle1": 190, "angle2": 187}, {"segundo": 118, "angle1": 190, "angle2": 186}, {"segundo": 118, "angle1": 191, "angle2": 186}, {"segundo": 118, "angle1": 190, "angle2": 186}, {"segundo": 118, "angle1": 190, "angle2": 187}, {"segundo": 118, "angle1": 190, "angle2": 187}, {"segundo": 118, "angle1": 191, "angle2": 185}, {"segundo": 118, "angle1": 191, "angle2": 185}, {"segundo": 118, "angle1": 191, "angle2": 185}, {"segundo": 118, "angle1": 190, "angle2": 186}, {"segundo": 118, "angle1": 191, "angle2": 185}, {"segundo": 118, "angle1": 189, "angle2": 187}, {"segundo": 118, "angle1": 190, "angle2": 187}, {"segundo": 118, "angle1": 189, "angle2": 187}, {"segundo": 118, "angle1": 191, "angle2": 186}, {"segundo": 118, "angle1": 191, "angle2": 186}, {"segundo": 118, "angle1": 191, "angle2": 186}, {"segundo": 118, "angle1": 191, "angle2": 186}, {"segundo": 118, "angle1": 191, "angle2": 186}, {"segundo": 118, "angle1": 191, "angle2": 186}, {"segundo": 118, "angle1": 191, "angle2": 186}, {"segundo": 118, "angle1": 190, "angle2": 186}, {"segundo": 118, "angle1": 190, "angle2": 186}, {"segundo": 118, "angle1": 192, "angle2": 185}, {"segundo": 118, "angle1": 191, "angle2": 186}, {"segundo": 118, "angle1": 191, "angle2": 186}, {"segundo": 118, "angle1": 191, "angle2": 186}, {"segundo": 118, "angle1": 191, "angle2": 187}, {"segundo": 118, "angle1": 192, "angle2": 185}, {"segundo": 118, "angle1": 189, "angle2": 186}, {"segundo": 118, "angle1": 191, "angle2": 187}, {"segundo": 118, "angle1": 191, "angle2": 187}, {"segundo": 118, "angle1": 192, "angle2": 185}, {"segundo": 119, "angle1": 190, "angle2": 186}, {"segundo": 119, "angle1": 192, "angle2": 185}, {"segundo": 119, "angle1": 191, "angle2": 187}, {"segundo": 119, "angle1": 190, "angle2": 186}, {"segundo": 119, "angle1": 190, "angle2": 187}, {"segundo": 119, "angle1": 191, "angle2": 187}, {"segundo": 119, "angle1": 191, "angle2": 187}, {"segundo": 119, "angle1": 190, "angle2": 186}, {"segundo": 119, "angle1": 192, "angle2": 186}, {"segundo": 119, "angle1": 191, "angle2": 185}, {"segundo": 119, "angle1": 190, "angle2": 186}, {"segundo": 119, "angle1": 191, "angle2": 187}, {"segundo": 119, "angle1": 190, "angle2": 186}, {"segundo": 119, "angle1": 191, "angle2": 187}, {"segundo": 119, "angle1": 190, "angle2": 186}, {"segundo": 119, "angle1": 190, "angle2": 187}, {"segundo": 119, "angle1": 191, "angle2": 187}, {"segundo": 119, "angle1": 191, "angle2": 185}, {"segundo": 119, "angle1": 191, "angle2": 187}, {"segundo": 119, "angle1": 191, "angle2": 184}, {"segundo": 119, "angle1": 191, "angle2": 187}, {"segundo": 119, "angle1": 189, "angle2": 186}, {"segundo": 119, "angle1": 191, "angle2": 184}, {"segundo": 119, "angle1": 191, "angle2": 185}, {"segundo": 119, "angle1": 190, "angle2": 187}, {"segundo": 119, "angle1": 189, "angle2": 187}, {"segundo": 119, "angle1": 189, "angle2": 187}, {"segundo": 119, "angle1": 191, "angle2": 184}, {"segundo": 119, "angle1": 191, "angle2": 184}, {"segundo": 119, "angle1": 192, "angle2": 186}, {"segundo": 119, "angle1": 190, "angle2": 187}, {"segundo": 119, "angle1": 191, "angle2": 185}, {"segundo": 120, "angle1": 189, "angle2": 187}, {"segundo": 120, "angle1": 190, "angle2": 188}, {"segundo": 120, "angle1": 191, "angle2": 184}, {"segundo": 120, "angle1": 189, "angle2": 187}, {"segundo": 120, "angle1": 189, "angle2": 187}, {"segundo": 120, "angle1": 189, "angle2": 187}, {"segundo": 120, "angle1": 191, "angle2": 185}, {"segundo": 120, "angle1": 189, "angle2": 187}, {"segundo": 120, "angle1": 190, "angle2": 188}, {"segundo": 120, "angle1": 191, "angle2": 186}, {"segundo": 120, "angle1": 190, "angle2": 188}, {"segundo": 120, "angle1": 191, "angle2": 186}, {"segundo": 120, "angle1": 191, "angle2": 186}, {"segundo": 120, "angle1": 191, "angle2": 185}, {"segundo": 120, "angle1": 191, "angle2": 185}, {"segundo": 120, "angle1": 192, "angle2": 183}, {"segundo": 120, "angle1": 191, "angle2": 185}, {"segundo": 120, "angle1": 189, "angle2": 187}, {"segundo": 120, "angle1": 191, "angle2": 186}, {"segundo": 120, "angle1": 191, "angle2": 186}, {"segundo": 120, "angle1": 190, "angle2": 186}, {"segundo": 120, "angle1": 190, "angle2": 185}, {"segundo": 120, "angle1": 190, "angle2": 185}, {"segundo": 120, "angle1": 190, "angle2": 186}, {"segundo": 120, "angle1": 190, "angle2": 186}, {"segundo": 120, "angle1": 190, "angle2": 186}, {"segundo": 120, "angle1": 190, "angle2": 186}, {"segundo": 120, "angle1": 191, "angle2": 185}, {"segundo": 120, "angle1": 190, "angle2": 186}, {"segundo": 120, "angle1": 190, "angle2": 187}, {"segundo": 120, "angle1": 190, "angle2": 185}, {"segundo": 120, "angle1": 190, "angle2": 185}, {"segundo": 121, "angle1": 189, "angle2": 187}, {"segundo": 121, "angle1": 190, "angle2": 185}, {"segundo": 121, "angle1": 190, "angle2": 186}, {"segundo": 121, "angle1": 192, "angle2": 184}, {"segundo": 121, "angle1": 191, "angle2": 186}, {"segundo": 121, "angle1": 190, "angle2": 186}, {"segundo": 121, "angle1": 190, "angle2": 187}, {"segundo": 121, "angle1": 192, "angle2": 185}, {"segundo": 121, "angle1": 192, "angle2": 185}, {"segundo": 121, "angle1": 190, "angle2": 187}, {"segundo": 121, "angle1": 190, "angle2": 187}, {"segundo": 121, "angle1": 190, "angle2": 186}, {"segundo": 121, "angle1": 190, "angle2": 187}, {"segundo": 121, "angle1": 190, "angle2": 186}, {"segundo": 121, "angle1": 190, "angle2": 186}, {"segundo": 121, "angle1": 190, "angle2": 186}, {"segundo": 121, "angle1": 190, "angle2": 186}, {"segundo": 121, "angle1": 190, "angle2": 186}, {"segundo": 121, "angle1": 190, "angle2": 185}, {"segundo": 121, "angle1": 190, "angle2": 186}, {"segundo": 121, "angle1": 192, "angle2": 184}, {"segundo": 121, "angle1": 192, "angle2": 185}, {"segundo": 121, "angle1": 190, "angle2": 186}, {"segundo": 121, "angle1": 191, "angle2": 186}, {"segundo": 121, "angle1": 190, "angle2": 186}, {"segundo": 121, "angle1": 192, "angle2": 185}, {"segundo": 121, "angle1": 192, "angle2": 185}, {"segundo": 121, "angle1": 190, "angle2": 186}, {"segundo": 121, "angle1": 192, "angle2": 185}, {"segundo": 121, "angle1": 192, "angle2": 185}, {"segundo": 121, "angle1": 191, "angle2": 184}, {"segundo": 121, "angle1": 191, "angle2": 187}, {"segundo": 122, "angle1": 192, "angle2": 184}, {"segundo": 122, "angle1": 190, "angle2": 186}, {"segundo": 122, "angle1": 190, "angle2": 186}, {"segundo": 122, "angle1": 192, "angle2": 184}, {"segundo": 122, "angle1": 190, "angle2": 186}, {"segundo": 122, "angle1": 190, "angle2": 186}, {"segundo": 122, "angle1": 190, "angle2": 186}, {"segundo": 122, "angle1": 192, "angle2": 185}, {"segundo": 122, "angle1": 192, "angle2": 185}, {"segundo": 122, "angle1": 190, "angle2": 186}, {"segundo": 122, "angle1": 190, "angle2": 186}, {"segundo": 122, "angle1": 192, "angle2": 185}, {"segundo": 122, "angle1": 192, "angle2": 185}, {"segundo": 122, "angle1": 191, "angle2": 185}, {"segundo": 122, "angle1": 190, "angle2": 186}, {"segundo": 122, "angle1": 190, "angle2": 187}, {"segundo": 122, "angle1": 191, "angle2": 185}, {"segundo": 122, "angle1": 190, "angle2": 187}, {"segundo": 122, "angle1": 190, "angle2": 186}, {"segundo": 122, "angle1": 191, "angle2": 185}, {"segundo": 122, "angle1": 191, "angle2": 186}, {"segundo": 122, "angle1": 191, "angle2": 185}, {"segundo": 122, "angle1": 191, "angle2": 186}, {"segundo": 122, "angle1": 191, "angle2": 186}, {"segundo": 122, "angle1": 191, "angle2": 185}, {"segundo": 122, "angle1": 191, "angle2": 186}, {"segundo": 122, "angle1": 190, "angle2": 187}, {"segundo": 122, "angle1": 190, "angle2": 186}, {"segundo": 122, "angle1": 191, "angle2": 186}, {"segundo": 122, "angle1": 191, "angle2": 186}, {"segundo": 122, "angle1": 191, "angle2": 186}, {"segundo": 123, "angle1": 192, "angle2": 184}, {"segundo": 123, "angle1": 190, "angle2": 187}, {"segundo": 123, "angle1": 191, "angle2": 186}, {"segundo": 123, "angle1": 190, "angle2": 186}, {"segundo": 123, "angle1": 191, "angle2": 186}, {"segundo": 123, "angle1": 191, "angle2": 185}, {"segundo": 123, "angle1": 191, "angle2": 185}, {"segundo": 123, "angle1": 190, "angle2": 185}, {"segundo": 123, "angle1": 191, "angle2": 186}, {"segundo": 123, "angle1": 192, "angle2": 186}, {"segundo": 123, "angle1": 191, "angle2": 185}, {"segundo": 123, "angle1": 190, "angle2": 187}, {"segundo": 123, "angle1": 191, "angle2": 185}, {"segundo": 123, "angle1": 191, "angle2": 185}, {"segundo": 123, "angle1": 191, "angle2": 186}, {"segundo": 123, "angle1": 189, "angle2": 186}, {"segundo": 123, "angle1": 191, "angle2": 186}, {"segundo": 123, "angle1": 191, "angle2": 186}, {"segundo": 123, "angle1": 191, "angle2": 185}, {"segundo": 123, "angle1": 191, "angle2": 186}, {"segundo": 123, "angle1": 191, "angle2": 186}, {"segundo": 123, "angle1": 191, "angle2": 186}, {"segundo": 123, "angle1": 190, "angle2": 185}, {"segundo": 123, "angle1": 191, "angle2": 186}, {"segundo": 123, "angle1": 191, "angle2": 186}, {"segundo": 123, "angle1": 189, "angle2": 187}, {"segundo": 123, "angle1": 191, "angle2": 186}, {"segundo": 123, "angle1": 191, "angle2": 186}, {"segundo": 123, "angle1": 192, "angle2": 184}, {"segundo": 123, "angle1": 190, "angle2": 186}, {"segundo": 123, "angle1": 191, "angle2": 186}, {"segundo": 123, "angle1": 191, "angle2": 186}, {"segundo": 124, "angle1": 189, "angle2": 187}, {"segundo": 124, "angle1": 190, "angle2": 186}, {"segundo": 124, "angle1": 190, "angle2": 186}, {"segundo": 124, "angle1": 191, "angle2": 186}, {"segundo": 124, "angle1": 190, "angle2": 186}, {"segundo": 124, "angle1": 190, "angle2": 186}, {"segundo": 124, "angle1": 192, "angle2": 185}, {"segundo": 124, "angle1": 192, "angle2": 185}, {"segundo": 124, "angle1": 190, "angle2": 186}, {"segundo": 124, "angle1": 190, "angle2": 187}, {"segundo": 124, "angle1": 190, "angle2": 187}, {"segundo": 124, "angle1": 192, "angle2": 186}, {"segundo": 124, "angle1": 192, "angle2": 185}, {"segundo": 124, "angle1": 191, "angle2": 186}, {"segundo": 124, "angle1": 192, "angle2": 186}, {"segundo": 124, "angle1": 192, "angle2": 186}, {"segundo": 124, "angle1": 191, "angle2": 185}, {"segundo": 124, "angle1": 192, "angle2": 186}, {"segundo": 124, "angle1": 192, "angle2": 186}, {"segundo": 124, "angle1": 192, "angle2": 186}, {"segundo": 124, "angle1": 190, "angle2": 187}, {"segundo": 124, "angle1": 190, "angle2": 187}, {"segundo": 124, "angle1": 190, "angle2": 187}, {"segundo": 124, "angle1": 191, "angle2": 186}, {"segundo": 124, "angle1": 192, "angle2": 185}, {"segundo": 124, "angle1": 190, "angle2": 187}, {"segundo": 124, "angle1": 191, "angle2": 185}, {"segundo": 124, "angle1": 191, "angle2": 186}, {"segundo": 124, "angle1": 191, "angle2": 185}, {"segundo": 124, "angle1": 191, "angle2": 186}, {"segundo": 124, "angle1": 190, "angle2": 187}, {"segundo": 124, "angle1": 191, "angle2": 185}, {"segundo": 125, "angle1": 191, "angle2": 186}, {"segundo": 125, "angle1": 191, "angle2": 185}, {"segundo": 125, "angle1": 190, "angle2": 187}, {"segundo": 125, "angle1": 190, "angle2": 187}, {"segundo": 125, "angle1": 190, "angle2": 186}, {"segundo": 125, "angle1": 190, "angle2": 187}, {"segundo": 125, "angle1": 191, "angle2": 185}, {"segundo": 125, "angle1": 191, "angle2": 187}, {"segundo": 125, "angle1": 191, "angle2": 187}, {"segundo": 125, "angle1": 190, "angle2": 186}, {"segundo": 125, "angle1": 192, "angle2": 185}, {"segundo": 125, "angle1": 190, "angle2": 186}, {"segundo": 125, "angle1": 190, "angle2": 186}, {"segundo": 125, "angle1": 190, "angle2": 186}, {"segundo": 125, "angle1": 190, "angle2": 187}, {"segundo": 125, "angle1": 191, "angle2": 187}, {"segundo": 125, "angle1": 190, "angle2": 187}, {"segundo": 125, "angle1": 191, "angle2": 186}, {"segundo": 125, "angle1": 191, "angle2": 186}, {"segundo": 125, "angle1": 191, "angle2": 185}, {"segundo": 125, "angle1": 191, "angle2": 185}, {"segundo": 125, "angle1": 190, "angle2": 188}, {"segundo": 125, "angle1": 189, "angle2": 187}, {"segundo": 125, "angle1": 191, "angle2": 186}, {"segundo": 125, "angle1": 191, "angle2": 187}, {"segundo": 125, "angle1": 189, "angle2": 187}, {"segundo": 125, "angle1": 191, "angle2": 186}, {"segundo": 125, "angle1": 190, "angle2": 186}, {"segundo": 125, "angle1": 191, "angle2": 187}, {"segundo": 125, "angle1": 191, "angle2": 187}, {"segundo": 125, "angle1": 191, "angle2": 186}, {"segundo": 125, "angle1": 191, "angle2": 186}, {"segundo": 126, "angle1": 190, "angle2": 186}, {"segundo": 126, "angle1": 189, "angle2": 187}, {"segundo": 126, "angle1": 189, "angle2": 187}, {"segundo": 126, "angle1": 191, "angle2": 187}, {"segundo": 126, "angle1": 191, "angle2": 186}, {"segundo": 126, "angle1": 191, "angle2": 186}, {"segundo": 126, "angle1": 189, "angle2": 187}, {"segundo": 126, "angle1": 190, "angle2": 187}, {"segundo": 126, "angle1": 189, "angle2": 187}, {"segundo": 126, "angle1": 191, "angle2": 186}, {"segundo": 126, "angle1": 191, "angle2": 186}, {"segundo": 126, "angle1": 191, "angle2": 186}, {"segundo": 126, "angle1": 191, "angle2": 186}, {"segundo": 126, "angle1": 189, "angle2": 187}, {"segundo": 126, "angle1": 190, "angle2": 187}, {"segundo": 126, "angle1": 191, "angle2": 185}, {"segundo": 126, "angle1": 191, "angle2": 185}, {"segundo": 126, "angle1": 190, "angle2": 187}, {"segundo": 126, "angle1": 190, "angle2": 187}, {"segundo": 126, "angle1": 190, "angle2": 187}, {"segundo": 126, "angle1": 191, "angle2": 185}, {"segundo": 126, "angle1": 191, "angle2": 185}, {"segundo": 126, "angle1": 190, "angle2": 187}, {"segundo": 126, "angle1": 191, "angle2": 186}, {"segundo": 126, "angle1": 191, "angle2": 185}, {"segundo": 126, "angle1": 191, "angle2": 185}, {"segundo": 126, "angle1": 190, "angle2": 187}, {"segundo": 126, "angle1": 191, "angle2": 185}, {"segundo": 126, "angle1": 190, "angle2": 188}, {"segundo": 126, "angle1": 190, "angle2": 187}, {"segundo": 126, "angle1": 191, "angle2": 186}, {"segundo": 126, "angle1": 191, "angle2": 186}, {"segundo": 127, "angle1": 190, "angle2": 187}, {"segundo": 127, "angle1": 191, "angle2": 185}, {"segundo": 127, "angle1": 191, "angle2": 185}, {"segundo": 127, "angle1": 191, "angle2": 186}, {"segundo": 127, "angle1": 190, "angle2": 187}, {"segundo": 127, "angle1": 189, "angle2": 187}, {"segundo": 127, "angle1": 191, "angle2": 185}, {"segundo": 127, "angle1": 190, "angle2": 188}, {"segundo": 127, "angle1": 189, "angle2": 187}, {"segundo": 127, "angle1": 189, "angle2": 187}, {"segundo": 127, "angle1": 190, "angle2": 188}, {"segundo": 127, "angle1": 190, "angle2": 188}, {"segundo": 127, "angle1": 191, "angle2": 186}, {"segundo": 127, "angle1": 191, "angle2": 186}, {"segundo": 127, "angle1": 191, "angle2": 186}, {"segundo": 127, "angle1": 191, "angle2": 186}, {"segundo": 127, "angle1": 190, "angle2": 186}, {"segundo": 127, "angle1": 190, "angle2": 187}, {"segundo": 127, "angle1": 190, "angle2": 186}, {"segundo": 127, "angle1": 190, "angle2": 187}, {"segundo": 127, "angle1": 190, "angle2": 186}, {"segundo": 127, "angle1": 191, "angle2": 187}, {"segundo": 127, "angle1": 190, "angle2": 186}, {"segundo": 127, "angle1": 190, "angle2": 187}, {"segundo": 127, "angle1": 190, "angle2": 187}, {"segundo": 127, "angle1": 190, "angle2": 186}, {"segundo": 127, "angle1": 190, "angle2": 187}, {"segundo": 127, "angle1": 192, "angle2": 186}, {"segundo": 127, "angle1": 190, "angle2": 187}, {"segundo": 127, "angle1": 190, "angle2": 187}, {"segundo": 127, "angle1": 192, "angle2": 185}, {"segundo": 127, "angle1": 190, "angle2": 187}, {"segundo": 128, "angle1": 190, "angle2": 187}, {"segundo": 128, "angle1": 192, "angle2": 186}, {"segundo": 128, "angle1": 190, "angle2": 187}, {"segundo": 128, "angle1": 190, "angle2": 187}, {"segundo": 128, "angle1": 190, "angle2": 187}, {"segundo": 128, "angle1": 191, "angle2": 185}, {"segundo": 128, "angle1": 190, "angle2": 187}, {"segundo": 128, "angle1": 191, "angle2": 185}, {"segundo": 128, "angle1": 192, "angle2": 186}, {"segundo": 128, "angle1": 190, "angle2": 187}, {"segundo": 128, "angle1": 191, "angle2": 185}, {"segundo": 128, "angle1": 190, "angle2": 187}, {"segundo": 128, "angle1": 190, "angle2": 187}, {"segundo": 128, "angle1": 190, "angle2": 187}, {"segundo": 128, "angle1": 190, "angle2": 187}, {"segundo": 128, "angle1": 190, "angle2": 187}, {"segundo": 128, "angle1": 190, "angle2": 187}, {"segundo": 128, "angle1": 191, "angle2": 185}, {"segundo": 128, "angle1": 190, "angle2": 187}, {"segundo": 128, "angle1": 190, "angle2": 187}, {"segundo": 128, "angle1": 190, "angle2": 187}, {"segundo": 128, "angle1": 189, "angle2": 187}, {"segundo": 128, "angle1": 191, "angle2": 186}, {"segundo": 128, "angle1": 189, "angle2": 187}, {"segundo": 128, "angle1": 191, "angle2": 186}, {"segundo": 128, "angle1": 189, "angle2": 187}, {"segundo": 128, "angle1": 191, "angle2": 186}, {"segundo": 128, "angle1": 191, "angle2": 185}, {"segundo": 128, "angle1": 190, "angle2": 187}, {"segundo": 128, "angle1": 190, "angle2": 187}, {"segundo": 128, "angle1": 190, "angle2": 187}, {"segundo": 128, "angle1": 190, "angle2": 187}, {"segundo": 129, "angle1": 192, "angle2": 186}, {"segundo": 129, "angle1": 191, "angle2": 185}, {"segundo": 129, "angle1": 190, "angle2": 187}, {"segundo": 129, "angle1": 191, "angle2": 185}, {"segundo": 129, "angle1": 191, "angle2": 187}, {"segundo": 129, "angle1": 190, "angle2": 186}, {"segundo": 129, "angle1": 190, "angle2": 186}, {"segundo": 129, "angle1": 191, "angle2": 186}, {"segundo": 129, "angle1": 191, "angle2": 187}, {"segundo": 129, "angle1": 191, "angle2": 186}, {"segundo": 129, "angle1": 190, "angle2": 185}, {"segundo": 129, "angle1": 191, "angle2": 186}, {"segundo": 129, "angle1": 191, "angle2": 186}, {"segundo": 129, "angle1": 190, "angle2": 188}, {"segundo": 129, "angle1": 189, "angle2": 187}, {"segundo": 129, "angle1": 191, "angle2": 186}, {"segundo": 129, "angle1": 191, "angle2": 187}, {"segundo": 129, "angle1": 190, "angle2": 186}, {"segundo": 129, "angle1": 191, "angle2": 187}, {"segundo": 129, "angle1": 191, "angle2": 186}, {"segundo": 129, "angle1": 190, "angle2": 186}, {"segundo": 129, "angle1": 189, "angle2": 187}, {"segundo": 129, "angle1": 189, "angle2": 188}, {"segundo": 129, "angle1": 190, "angle2": 186}, {"segundo": 129, "angle1": 190, "angle2": 186}, {"segundo": 129, "angle1": 189, "angle2": 188}, {"segundo": 129, "angle1": 190, "angle2": 186}, {"segundo": 129, "angle1": 190, "angle2": 187}, {"segundo": 129, "angle1": 190, "angle2": 187}, {"segundo": 129, "angle1": 192, "angle2": 186}, {"segundo": 129, "angle1": 191, "angle2": 186}, {"segundo": 130, "angle1": 191, "angle2": 186}, {"segundo": 130, "angle1": 191, "angle2": 185}, {"segundo": 130, "angle1": 191, "angle2": 186}, {"segundo": 130, "angle1": 190, "angle2": 186}, {"segundo": 130, "angle1": 191, "angle2": 187}, {"segundo": 130, "angle1": 189, "angle2": 188}, {"segundo": 130, "angle1": 190, "angle2": 186}, {"segundo": 130, "angle1": 190, "angle2": 186}, {"segundo": 130, "angle1": 191, "angle2": 186}, {"segundo": 130, "angle1": 190, "angle2": 187}, {"segundo": 130, "angle1": 191, "angle2": 186}, {"segundo": 130, "angle1": 191, "angle2": 185}, {"segundo": 130, "angle1": 191, "angle2": 185}, {"segundo": 130, "angle1": 191, "angle2": 185}, {"segundo": 130, "angle1": 190, "angle2": 188}, {"segundo": 130, "angle1": 191, "angle2": 185}, {"segundo": 130, "angle1": 190, "angle2": 187}, {"segundo": 130, "angle1": 191, "angle2": 186}, {"segundo": 130, "angle1": 190, "angle2": 187}, {"segundo": 130, "angle1": 190, "angle2": 187}, {"segundo": 130, "angle1": 192, "angle2": 186}, {"segundo": 130, "angle1": 191, "angle2": 185}, {"segundo": 130, "angle1": 190, "angle2": 187}, {"segundo": 130, "angle1": 190, "angle2": 187}, {"segundo": 130, "angle1": 190, "angle2": 186}, {"segundo": 130, "angle1": 190, "angle2": 186}, {"segundo": 130, "angle1": 191, "angle2": 187}, {"segundo": 130, "angle1": 192, "angle2": 184}, {"segundo": 130, "angle1": 191, "angle2": 187}, {"segundo": 130, "angle1": 190, "angle2": 187}, {"segundo": 130, "angle1": 189, "angle2": 187}, {"segundo": 130, "angle1": 192, "angle2": 185}, {"segundo": 131, "angle1": 188, "angle2": 187}, {"segundo": 131, "angle1": 190, "angle2": 186}, {"segundo": 131, "angle1": 191, "angle2": 186}, {"segundo": 131, "angle1": 191, "angle2": 185}, {"segundo": 131, "angle1": 189, "angle2": 187}, {"segundo": 131, "angle1": 190, "angle2": 186}, {"segundo": 131, "angle1": 191, "angle2": 186}, {"segundo": 131, "angle1": 191, "angle2": 186}, {"segundo": 131, "angle1": 190, "angle2": 186}, {"segundo": 131, "angle1": 190, "angle2": 186}, {"segundo": 131, "angle1": 190, "angle2": 186}, {"segundo": 131, "angle1": 190, "angle2": 186}, {"segundo": 131, "angle1": 190, "angle2": 186}, {"segundo": 131, "angle1": 192, "angle2": 185}, {"segundo": 131, "angle1": 191, "angle2": 187}, {"segundo": 131, "angle1": 190, "angle2": 186}, {"segundo": 131, "angle1": 192, "angle2": 185}, {"segundo": 131, "angle1": 191, "angle2": 187}, {"segundo": 131, "angle1": 190, "angle2": 187}, {"segundo": 131, "angle1": 190, "angle2": 187}, {"segundo": 131, "angle1": 191, "angle2": 187}, {"segundo": 131, "angle1": 190, "angle2": 187}, {"segundo": 131, "angle1": 190, "angle2": 187}, {"segundo": 131, "angle1": 191, "angle2": 187}, {"segundo": 131, "angle1": 190, "angle2": 187}, {"segundo": 131, "angle1": 190, "angle2": 187}, {"segundo": 131, "angle1": 190, "angle2": 186}, {"segundo": 131, "angle1": 190, "angle2": 186}, {"segundo": 131, "angle1": 189, "angle2": 186}, {"segundo": 131, "angle1": 191, "angle2": 187}, {"segundo": 131, "angle1": 190, "angle2": 187}, {"segundo": 132, "angle1": 190, "angle2": 187}, {"segundo": 132, "angle1": 190, "angle2": 187}, {"segundo": 132, "angle1": 191, "angle2": 187}, {"segundo": 132, "angle1": 190, "angle2": 186}, {"segundo": 132, "angle1": 190, "angle2": 186}, {"segundo": 132, "angle1": 190, "angle2": 186}, {"segundo": 132, "angle1": 190, "angle2": 187}, {"segundo": 132, "angle1": 191, "angle2": 186}, {"segundo": 132, "angle1": 191, "angle2": 187}, {"segundo": 132, "angle1": 190, "angle2": 186}, {"segundo": 132, "angle1": 190, "angle2": 186}, {"segundo": 132, "angle1": 189, "angle2": 185}, {"segundo": 132, "angle1": 190, "angle2": 186}, {"segundo": 132, "angle1": 191, "angle2": 186}, {"segundo": 132, "angle1": 190, "angle2": 186}, {"segundo": 132, "angle1": 190, "angle2": 186}, {"segundo": 132, "angle1": 191, "angle2": 186}, {"segundo": 132, "angle1": 190, "angle2": 186}, {"segundo": 132, "angle1": 190, "angle2": 186}, {"segundo": 132, "angle1": 190, "angle2": 187}, {"segundo": 132, "angle1": 190, "angle2": 186}, {"segundo": 132, "angle1": 191, "angle2": 187}, {"segundo": 132, "angle1": 191, "angle2": 186}, {"segundo": 132, "angle1": 190, "angle2": 186}, {"segundo": 132, "angle1": 190, "angle2": 186}, {"segundo": 132, "angle1": 190, "angle2": 186}, {"segundo": 132, "angle1": 191, "angle2": 187}, {"segundo": 132, "angle1": 190, "angle2": 186}, {"segundo": 132, "angle1": 190, "angle2": 186}, {"segundo": 132, "angle1": 191, "angle2": 187}, {"segundo": 133, "angle1": 190, "angle2": 186}, {"segundo": 133, "angle1": 191, "angle2": 187}, {"segundo": 133, "angle1": 190, "angle2": 186}, {"segundo": 133, "angle1": 190, "angle2": 186}, {"segundo": 133, "angle1": 191, "angle2": 187}, {"segundo": 133, "angle1": 190, "angle2": 186}, {"segundo": 133, "angle1": 190, "angle2": 186}, {"segundo": 133, "angle1": 191, "angle2": 187}, {"segundo": 133, "angle1": 191, "angle2": 187}, {"segundo": 133, "angle1": 191, "angle2": 187}, {"segundo": 133, "angle1": 190, "angle2": 187}, {"segundo": 133, "angle1": 190, "angle2": 186}, {"segundo": 133, "angle1": 190, "angle2": 187}, {"segundo": 133, "angle1": 191, "angle2": 187}, {"segundo": 133, "angle1": 191, "angle2": 187}, {"segundo": 133, "angle1": 190, "angle2": 186}, {"segundo": 133, "angle1": 190, "angle2": 186}, {"segundo": 133, "angle1": 190, "angle2": 186}, {"segundo": 133, "angle1": 191, "angle2": 186}, {"segundo": 133, "angle1": 191, "angle2": 186}, {"segundo": 133, "angle1": 191, "angle2": 186}, {"segundo": 133, "angle1": 191, "angle2": 186}, {"segundo": 133, "angle1": 191, "angle2": 186}, {"segundo": 133, "angle1": 191, "angle2": 186}, {"segundo": 133, "angle1": 192, "angle2": 185}, {"segundo": 133, "angle1": 191, "angle2": 186}, {"segundo": 133, "angle1": 191, "angle2": 186}, {"segundo": 133, "angle1": 191, "angle2": 186}, {"segundo": 133, "angle1": 191, "angle2": 186}, {"segundo": 133, "angle1": 190, "angle2": 186}, {"segundo": 133, "angle1": 189, "angle2": 187}, {"segundo": 134, "angle1": 191, "angle2": 186}, {"segundo": 134, "angle1": 191, "angle2": 186}, {"segundo": 134, "angle1": 189, "angle2": 187}, {"segundo": 134, "angle1": 189, "angle2": 187}, {"segundo": 134, "angle1": 190, "angle2": 187}, {"segundo": 134, "angle1": 190, "angle2": 187}, {"segundo": 134, "angle1": 190, "angle2": 187}, {"segundo": 134, "angle1": 191, "angle2": 185}, {"segundo": 134, "angle1": 190, "angle2": 187}, {"segundo": 134, "angle1": 190, "angle2": 187}, {"segundo": 134, "angle1": 191, "angle2": 185}, {"segundo": 134, "angle1": 191, "angle2": 186}, {"segundo": 134, "angle1": 189, "angle2": 187}, {"segundo": 134, "angle1": 191, "angle2": 185}, {"segundo": 134, "angle1": 191, "angle2": 185}, {"segundo": 134, "angle1": 191, "angle2": 185}, {"segundo": 134, "angle1": 191, "angle2": 185}, {"segundo": 134, "angle1": 191, "angle2": 185}, {"segundo": 134, "angle1": 191, "angle2": 185}, {"segundo": 134, "angle1": 191, "angle2": 185}, {"segundo": 134, "angle1": 190, "angle2": 186}, {"segundo": 134, "angle1": 190, "angle2": 186}, {"segundo": 134, "angle1": 190, "angle2": 186}, {"segundo": 134, "angle1": 191, "angle2": 185}, {"segundo": 134, "angle1": 191, "angle2": 185}, {"segundo": 134, "angle1": 191, "angle2": 185}, {"segundo": 134, "angle1": 190, "angle2": 186}, {"segundo": 134, "angle1": 191, "angle2": 185}, {"segundo": 134, "angle1": 190, "angle2": 187}, {"segundo": 134, "angle1": 191, "angle2": 185}, {"segundo": 135, "angle1": 190, "angle2": 187}, {"segundo": 135, "angle1": 191, "angle2": 185}, {"segundo": 135, "angle1": 190, "angle2": 187}, {"segundo": 135, "angle1": 189, "angle2": 187}, {"segundo": 135, "angle1": 191, "angle2": 185}, {"segundo": 135, "angle1": 191, "angle2": 185}, {"segundo": 135, "angle1": 191, "angle2": 186}, {"segundo": 135, "angle1": 191, "angle2": 186}, {"segundo": 135, "angle1": 191, "angle2": 185}, {"segundo": 135, "angle1": 191, "angle2": 186}, {"segundo": 135, "angle1": 191, "angle2": 186}, {"segundo": 135, "angle1": 192, "angle2": 186}, {"segundo": 135, "angle1": 191, "angle2": 185}, {"segundo": 135, "angle1": 190, "angle2": 187}, {"segundo": 135, "angle1": 190, "angle2": 187}, {"segundo": 135, "angle1": 189, "angle2": 187}, {"segundo": 135, "angle1": 191, "angle2": 186}, {"segundo": 135, "angle1": 191, "angle2": 186}, {"segundo": 135, "angle1": 190, "angle2": 187}, {"segundo": 135, "angle1": 192, "angle2": 185}, {"segundo": 135, "angle1": 191, "angle2": 185}, {"segundo": 135, "angle1": 189, "angle2": 187}, {"segundo": 135, "angle1": 189, "angle2": 187}, {"segundo": 135, "angle1": 191, "angle2": 185}, {"segundo": 135, "angle1": 189, "angle2": 187}, {"segundo": 135, "angle1": 191, "angle2": 186}, {"segundo": 135, "angle1": 190, "angle2": 187}, {"segundo": 135, "angle1": 191, "angle2": 185}, {"segundo": 135, "angle1": 191, "angle2": 186}, {"segundo": 136, "angle1": 190, "angle2": 187}, {"segundo": 136, "angle1": 191, "angle2": 186}, {"segundo": 136, "angle1": 189, "angle2": 187}, {"segundo": 136, "angle1": 190, "angle2": 187}, {"segundo": 136, "angle1": 190, "angle2": 187}, {"segundo": 136, "angle1": 191, "angle2": 185}, {"segundo": 136, "angle1": 191, "angle2": 185}, {"segundo": 136, "angle1": 191, "angle2": 185}, {"segundo": 136, "angle1": 191, "angle2": 185}, {"segundo": 136, "angle1": 190, "angle2": 187}, {"segundo": 136, "angle1": 191, "angle2": 186}, {"segundo": 136, "angle1": 190, "angle2": 188}, {"segundo": 136, "angle1": 191, "angle2": 186}, {"segundo": 136, "angle1": 191, "angle2": 185}, {"segundo": 136, "angle1": 191, "angle2": 186}, {"segundo": 136, "angle1": 190, "angle2": 187}, {"segundo": 136, "angle1": 191, "angle2": 186}, {"segundo": 136, "angle1": 189, "angle2": 187}, {"segundo": 136, "angle1": 190, "angle2": 185}, {"segundo": 136, "angle1": 191, "angle2": 186}, {"segundo": 136, "angle1": 190, "angle2": 186}, {"segundo": 136, "angle1": 191, "angle2": 185}, {"segundo": 136, "angle1": 192, "angle2": 185}, {"segundo": 136, "angle1": 191, "angle2": 185}, {"segundo": 136, "angle1": 190, "angle2": 187}, {"segundo": 136, "angle1": 191, "angle2": 185}, {"segundo": 136, "angle1": 190, "angle2": 185}, {"segundo": 136, "angle1": 191, "angle2": 185}, {"segundo": 136, "angle1": 191, "angle2": 185}, {"segundo": 137, "angle1": 191, "angle2": 186}, {"segundo": 137, "angle1": 190, "angle2": 187}, {"segundo": 137, "angle1": 191, "angle2": 186}, {"segundo": 137, "angle1": 189, "angle2": 187}, {"segundo": 137, "angle1": 191, "angle2": 186}, {"segundo": 137, "angle1": 191, "angle2": 186}, {"segundo": 137, "angle1": 191, "angle2": 186}, {"segundo": 137, "angle1": 191, "angle2": 186}, {"segundo": 137, "angle1": 192, "angle2": 184}, {"segundo": 137, "angle1": 191, "angle2": 185}, {"segundo": 137, "angle1": 190, "angle2": 186}, {"segundo": 137, "angle1": 191, "angle2": 186}, {"segundo": 137, "angle1": 190, "angle2": 186}, {"segundo": 137, "angle1": 191, "angle2": 186}, {"segundo": 137, "angle1": 190, "angle2": 186}, {"segundo": 137, "angle1": 189, "angle2": 187}, {"segundo": 137, "angle1": 191, "angle2": 186}, {"segundo": 137, "angle1": 190, "angle2": 185}, {"segundo": 137, "angle1": 191, "angle2": 186}, {"segundo": 137, "angle1": 190, "angle2": 186}, {"segundo": 137, "angle1": 191, "angle2": 186}, {"segundo": 137, "angle1": 191, "angle2": 186}, {"segundo": 137, "angle1": 190, "angle2": 185}, {"segundo": 137, "angle1": 189, "angle2": 187}, {"segundo": 137, "angle1": 191, "angle2": 186}, {"segundo": 137, "angle1": 191, "angle2": 186}, {"segundo": 137, "angle1": 191, "angle2": 186}, {"segundo": 137, "angle1": 191, "angle2": 186}, {"segundo": 137, "angle1": 190, "angle2": 186}, {"segundo": 138, "angle1": 190, "angle2": 185}, {"segundo": 138, "angle1": 193, "angle2": 184}, {"segundo": 138, "angle1": 193, "angle2": 184}, {"segundo": 138, "angle1": 191, "angle2": 186}, {"segundo": 138, "angle1": 191, "angle2": 186}, {"segundo": 138, "angle1": 192, "angle2": 185}, {"segundo": 138, "angle1": 192, "angle2": 185}, {"segundo": 138, "angle1": 192, "angle2": 185}, {"segundo": 138, "angle1": 189, "angle2": 186}, {"segundo": 138, "angle1": 191, "angle2": 185}, {"segundo": 138, "angle1": 190, "angle2": 186}, {"segundo": 138, "angle1": 191, "angle2": 186}, {"segundo": 138, "angle1": 191, "angle2": 186}, {"segundo": 138, "angle1": 191, "angle2": 186}, {"segundo": 138, "angle1": 190, "angle2": 186}, {"segundo": 138, "angle1": 190, "angle2": 186}, {"segundo": 138, "angle1": 189, "angle2": 187}, {"segundo": 138, "angle1": 191, "angle2": 187}, {"segundo": 138, "angle1": 190, "angle2": 186}, {"segundo": 138, "angle1": 189, "angle2": 187}, {"segundo": 138, "angle1": 191, "angle2": 186}, {"segundo": 138, "angle1": 191, "angle2": 185}, {"segundo": 138, "angle1": 189, "angle2": 188}, {"segundo": 138, "angle1": 191, "angle2": 186}, {"segundo": 138, "angle1": 190, "angle2": 186}, {"segundo": 138, "angle1": 191, "angle2": 187}, {"segundo": 138, "angle1": 190, "angle2": 186}, {"segundo": 138, "angle1": 190, "angle2": 186}, {"segundo": 138, "angle1": 190, "angle2": 186}, {"segundo": 139, "angle1": 191, "angle2": 186}, {"segundo": 139, "angle1": 191, "angle2": 186}, {"segundo": 139, "angle1": 191, "angle2": 187}, {"segundo": 139, "angle1": 189, "angle2": 187}, {"segundo": 139, "angle1": 190, "angle2": 186}, {"segundo": 139, "angle1": 191, "angle2": 187}, {"segundo": 139, "angle1": 191, "angle2": 187}, {"segundo": 139, "angle1": 191, "angle2": 187}, {"segundo": 139, "angle1": 189, "angle2": 188}, {"segundo": 139, "angle1": 191, "angle2": 187}, {"segundo": 139, "angle1": 191, "angle2": 187}, {"segundo": 139, "angle1": 190, "angle2": 186}, {"segundo": 139, "angle1": 191, "angle2": 187}, {"segundo": 139, "angle1": 192, "angle2": 185}, {"segundo": 139, "angle1": 190, "angle2": 187}, {"segundo": 139, "angle1": 190, "angle2": 187}, {"segundo": 139, "angle1": 190, "angle2": 187}, {"segundo": 139, "angle1": 190, "angle2": 187}, {"segundo": 139, "angle1": 189, "angle2": 186}, {"segundo": 139, "angle1": 189, "angle2": 186}, {"segundo": 139, "angle1": 192, "angle2": 185}, {"segundo": 139, "angle1": 190, "angle2": 187}, {"segundo": 139, "angle1": 190, "angle2": 187}, {"segundo": 139, "angle1": 189, "angle2": 187}, {"segundo": 139, "angle1": 189, "angle2": 187}, {"segundo": 139, "angle1": 190, "angle2": 187}, {"segundo": 139, "angle1": 190, "angle2": 187}, {"segundo": 139, "angle1": 192, "angle2": 186}, {"segundo": 140, "angle1": 189, "angle2": 187}, {"segundo": 140, "angle1": 189, "angle2": 187}, {"segundo": 140, "angle1": 191, "angle2": 185}, {"segundo": 140, "angle1": 190, "angle2": 187}, {"segundo": 140, "angle1": 190, "angle2": 187}, {"segundo": 140, "angle1": 192, "angle2": 185}, {"segundo": 140, "angle1": 189, "angle2": 187}, {"segundo": 140, "angle1": 189, "angle2": 187}, {"segundo": 140, "angle1": 190, "angle2": 186}, {"segundo": 140, "angle1": 189, "angle2": 186}, {"segundo": 140, "angle1": 190, "angle2": 187}, {"segundo": 140, "angle1": 191, "angle2": 187}, {"segundo": 140, "angle1": 190, "angle2": 187}, {"segundo": 140, "angle1": 191, "angle2": 185}, {"segundo": 140, "angle1": 189, "angle2": 186}, {"segundo": 140, "angle1": 190, "angle2": 186}, {"segundo": 140, "angle1": 190, "angle2": 186}, {"segundo": 140, "angle1": 191, "angle2": 187}, {"segundo": 140, "angle1": 191, "angle2": 187}, {"segundo": 140, "angle1": 190, "angle2": 187}, {"segundo": 140, "angle1": 191, "angle2": 187}, {"segundo": 140, "angle1": 189, "angle2": 186}, {"segundo": 140, "angle1": 190, "angle2": 186}, {"segundo": 140, "angle1": 190, "angle2": 187}, {"segundo": 140, "angle1": 188, "angle2": 188}, {"segundo": 140, "angle1": 190, "angle2": 187}, {"segundo": 140, "angle1": 192, "angle2": 186}, {"segundo": 140, "angle1": 190, "angle2": 187}, {"segundo": 141, "angle1": 191, "angle2": 186}, {"segundo": 141, "angle1": 191, "angle2": 186}, {"segundo": 141, "angle1": 191, "angle2": 186}, {"segundo": 141, "angle1": 189, "angle2": 187}, {"segundo": 141, "angle1": 191, "angle2": 186}, {"segundo": 141, "angle1": 191, "angle2": 185}, {"segundo": 141, "angle1": 189, "angle2": 188}, {"segundo": 141, "angle1": 190, "angle2": 186}, {"segundo": 141, "angle1": 189, "angle2": 188}, {"segundo": 141, "angle1": 190, "angle2": 186}, {"segundo": 141, "angle1": 189, "angle2": 187}, {"segundo": 141, "angle1": 191, "angle2": 186}, {"segundo": 141, "angle1": 191, "angle2": 186}, {"segundo": 141, "angle1": 191, "angle2": 186}, {"segundo": 141, "angle1": 193, "angle2": 184}, {"segundo": 141, "angle1": 189, "angle2": 187}, {"segundo": 141, "angle1": 189, "angle2": 187}, {"segundo": 141, "angle1": 189, "angle2": 187}, {"segundo": 141, "angle1": 190, "angle2": 187}, {"segundo": 141, "angle1": 190, "angle2": 187}, {"segundo": 141, "angle1": 191, "angle2": 186}, {"segundo": 141, "angle1": 192, "angle2": 186}, {"segundo": 141, "angle1": 189, "angle2": 187}, {"segundo": 141, "angle1": 191, "angle2": 186}, {"segundo": 141, "angle1": 190, "angle2": 187}, {"segundo": 141, "angle1": 189, "angle2": 187}, {"segundo": 141, "angle1": 191, "angle2": 185}, {"segundo": 142, "angle1": 191, "angle2": 185}, {"segundo": 142, "angle1": 190, "angle2": 187}, {"segundo": 142, "angle1": 190, "angle2": 187}, {"segundo": 142, "angle1": 190, "angle2": 187}, {"segundo": 142, "angle1": 190, "angle2": 187}, {"segundo": 142, "angle1": 190, "angle2": 187}, {"segundo": 142, "angle1": 190, "angle2": 186}, {"segundo": 142, "angle1": 190, "angle2": 187}, {"segundo": 142, "angle1": 192, "angle2": 185}, {"segundo": 142, "angle1": 192, "angle2": 185}, {"segundo": 142, "angle1": 191, "angle2": 185}, {"segundo": 142, "angle1": 192, "angle2": 185}, {"segundo": 142, "angle1": 190, "angle2": 187}, {"segundo": 142, "angle1": 192, "angle2": 185}, {"segundo": 142, "angle1": 192, "angle2": 185}, {"segundo": 142, "angle1": 190, "angle2": 187}, {"segundo": 142, "angle1": 190, "angle2": 186}, {"segundo": 142, "angle1": 190, "angle2": 186}, {"segundo": 142, "angle1": 190, "angle2": 186}, {"segundo": 142, "angle1": 192, "angle2": 185}, {"segundo": 142, "angle1": 190, "angle2": 187}, {"segundo": 142, "angle1": 193, "angle2": 185}, {"segundo": 142, "angle1": 191, "angle2": 187}, {"segundo": 142, "angle1": 191, "angle2": 187}, {"segundo": 142, "angle1": 191, "angle2": 186}, {"segundo": 142, "angle1": 191, "angle2": 186}, {"segundo": 142, "angle1": 192, "angle2": 186}, {"segundo": 143, "angle1": 190, "angle2": 187}, {"segundo": 143, "angle1": 191, "angle2": 186}, {"segundo": 143, "angle1": 191, "angle2": 184}, {"segundo": 143, "angle1": 190, "angle2": 187}, {"segundo": 143, "angle1": 191, "angle2": 188}, {"segundo": 143, "angle1": 190, "angle2": 187}, {"segundo": 143, "angle1": 192, "angle2": 186}, {"segundo": 143, "angle1": 190, "angle2": 187}, {"segundo": 143, "angle1": 191, "angle2": 185}, {"segundo": 143, "angle1": 191, "angle2": 186}, {"segundo": 143, "angle1": 190, "angle2": 187}, {"segundo": 143, "angle1": 190, "angle2": 188}, {"segundo": 143, "angle1": 190, "angle2": 188}, {"segundo": 143, "angle1": 190, "angle2": 188}, {"segundo": 143, "angle1": 190, "angle2": 188}, {"segundo": 143, "angle1": 190, "angle2": 188}, {"segundo": 143, "angle1": 190, "angle2": 188}, {"segundo": 143, "angle1": 190, "angle2": 188}, {"segundo": 143, "angle1": 190, "angle2": 188}, {"segundo": 143, "angle1": 190, "angle2": 188}, {"segundo": 143, "angle1": 190, "angle2": 188}, {"segundo": 143, "angle1": 190, "angle2": 188}, {"segundo": 143, "angle1": 190, "angle2": 188}, {"segundo": 143, "angle1": 190, "angle2": 188}, {"segundo": 143, "angle1": 190, "angle2": 188}, {"segundo": 143, "angle1": 190, "angle2": 188}, {"segundo": 144, "angle1": 190, "angle2": 188}, {"segundo": 144, "angle1": 190, "angle2": 188}, {"segundo": 144, "angle1": 190, "angle2": 188}, {"segundo": 144, "angle1": 190, "angle2": 188}, {"segundo": 144, "angle1": 190, "angle2": 188}, {"segundo": 144, "angle1": 190, "angle2": 188}, {"segundo": 144, "angle1": 190, "angle2": 188}, {"segundo": 144, "angle1": 190, "angle2": 188}, {"segundo": 144, "angle1": 190, "angle2": 188}, {"segundo": 144, "angle1": 190, "angle2": 188}, {"segundo": 144, "angle1": 190, "angle2": 188}, {"segundo": 144, "angle1": 190, "angle2": 188}, {"segundo": 144, "angle1": 190, "angle2": 188}, {"segundo": 144, "angle1": 190, "angle2": 188}, {"segundo": 144, "angle1": 190, "angle2": 188}, {"segundo": 144, "angle1": 190, "angle2": 188}, {"segundo": 144, "angle1": 190, "angle2": 188}, {"segundo": 144, "angle1": 190, "angle2": 188}, {"segundo": 144, "angle1": 190, "angle2": 188}, {"segundo": 144, "angle1": 190, "angle2": 188}, {"segundo": 144, "angle1": 190, "angle2": 188}, {"segundo": 144, "angle1": 190, "angle2": 188}, {"segundo": 144, "angle1": 190, "angle2": 188}, {"segundo": 144, "angle1": 190, "angle2": 188}, {"segundo": 144, "angle1": 190, "angle2": 188}, {"segundo": 145, "angle1": 190, "angle2": 188}, {"segundo": 145, "angle1": 190, "angle2": 188}, {"segundo": 145, "angle1": 190, "angle2": 188}, {"segundo": 145, "angle1": 190, "angle2": 188}, {"segundo": 145, "angle1": 190, "angle2": 188}, {"segundo": 145, "angle1": 190, "angle2": 188}, {"segundo": 145, "angle1": 190, "angle2": 188}, {"segundo": 145, "angle1": 190, "angle2": 188}, {"segundo": 145, "angle1": 190, "angle2": 188}, {"segundo": 145, "angle1": 190, "angle2": 188}, {"segundo": 145, "angle1": 190, "angle2": 188}, {"segundo": 145, "angle1": 190, "angle2": 188}, {"segundo": 145, "angle1": 190, "angle2": 188}, {"segundo": 145, "angle1": 190, "angle2": 188}, {"segundo": 145, "angle1": 190, "angle2": 188}, {"segundo": 145, "angle1": 190, "angle2": 188}, {"segundo": 145, "angle1": 190, "angle2": 188}, {"segundo": 145, "angle1": 190, "angle2": 188}, {"segundo": 145, "angle1": 190, "angle2": 188}, {"segundo": 145, "angle1": 190, "angle2": 188}, {"segundo": 145, "angle1": 190, "angle2": 188}, {"segundo": 145, "angle1": 190, "angle2": 188}, {"segundo": 145, "angle1": 190, "angle2": 188}, {"segundo": 145, "angle1": 190, "angle2": 188}, {"segundo": 145, "angle1": 190, "angle2": 188}, {"segundo": 145, "angle1": 190, "angle2": 188}, {"segundo": 146, "angle1": 190, "angle2": 188}, {"segundo": 146, "angle1": 190, "angle2": 188}, {"segundo": 146, "angle1": 190, "angle2": 188}, {"segundo": 146, "angle1": 190, "angle2": 188}, {"segundo": 146, "angle1": 190, "angle2": 188}, {"segundo": 146, "angle1": 190, "angle2": 188}, {"segundo": 146, "angle1": 190, "angle2": 188}, {"segundo": 146, "angle1": 190, "angle2": 188}, {"segundo": 146, "angle1": 190, "angle2": 188}, {"segundo": 146, "angle1": 190, "angle2": 188}, {"segundo": 146, "angle1": 190, "angle2": 188}, {"segundo": 146, "angle1": 190, "angle2": 188}, {"segundo": 146, "angle1": 190, "angle2": 188}, {"segundo": 146, "angle1": 190, "angle2": 188}, {"segundo": 146, "angle1": 190, "angle2": 188}, {"segundo": 146, "angle1": 190, "angle2": 188}, {"segundo": 146, "angle1": 190, "angle2": 188}, {"segundo": 146, "angle1": 190, "angle2": 188}, {"segundo": 146, "angle1": 190, "angle2": 188}, {"segundo": 146, "angle1": 190, "angle2": 188}, {"segundo": 146, "angle1": 190, "angle2": 188}, {"segundo": 146, "angle1": 190, "angle2": 188}, {"segundo": 146, "angle1": 190, "angle2": 188}, {"segundo": 146, "angle1": 191, "angle2": 186}, {"segundo": 146, "angle1": 191, "angle2": 186}, {"segundo": 146, "angle1": 190, "angle2": 187}, {"segundo": 147, "angle1": 190, "angle2": 187}, {"segundo": 147, "angle1": 191, "angle2": 187}, {"segundo": 147, "angle1": 191, "angle2": 186}, {"segundo": 147, "angle1": 190, "angle2": 187}, {"segundo": 147, "angle1": 191, "angle2": 186}, {"segundo": 147, "angle1": 191, "angle2": 186}, {"segundo": 147, "angle1": 191, "angle2": 186}, {"segundo": 147, "angle1": 190, "angle2": 186}, {"segundo": 147, "angle1": 190, "angle2": 185}, {"segundo": 147, "angle1": 190, "angle2": 185}, {"segundo": 147, "angle1": 190, "angle2": 185}, {"segundo": 147, "angle1": 190, "angle2": 187}, {"segundo": 147, "angle1": 189, "angle2": 186}, {"segundo": 147, "angle1": 190, "angle2": 187}, {"segundo": 147, "angle1": 190, "angle2": 187}, {"segundo": 147, "angle1": 190, "angle2": 186}, {"segundo": 147, "angle1": 190, "angle2": 186}, {"segundo": 147, "angle1": 190, "angle2": 185}, {"segundo": 147, "angle1": 190, "angle2": 185}, {"segundo": 147, "angle1": 190, "angle2": 186}, {"segundo": 147, "angle1": 191, "angle2": 185}, {"segundo": 147, "angle1": 192, "angle2": 185}, {"segundo": 147, "angle1": 189, "angle2": 187}, {"segundo": 147, "angle1": 189, "angle2": 187}, {"segundo": 147, "angle1": 192, "angle2": 185}, {"segundo": 147, "angle1": 189, "angle2": 187}, {"segundo": 148, "angle1": 191, "angle2": 185}, {"segundo": 148, "angle1": 189, "angle2": 186}, {"segundo": 148, "angle1": 189, "angle2": 187}, {"segundo": 148, "angle1": 189, "angle2": 187}, {"segundo": 148, "angle1": 190, "angle2": 187}, {"segundo": 148, "angle1": 191, "angle2": 185}, {"segundo": 148, "angle1": 192, "angle2": 185}, {"segundo": 148, "angle1": 191, "angle2": 185}, {"segundo": 148, "angle1": 192, "angle2": 185}, {"segundo": 148, "angle1": 190, "angle2": 187}, {"segundo": 148, "angle1": 189, "angle2": 187}, {"segundo": 148, "angle1": 193, "angle2": 184}, {"segundo": 148, "angle1": 191, "angle2": 186}, {"segundo": 148, "angle1": 192, "angle2": 186}, {"segundo": 148, "angle1": 191, "angle2": 185}, {"segundo": 148, "angle1": 191, "angle2": 186}, {"segundo": 148, "angle1": 192, "angle2": 185}, {"segundo": 148, "angle1": 189, "angle2": 187}, {"segundo": 148, "angle1": 191, "angle2": 186}, {"segundo": 148, "angle1": 191, "angle2": 186}, {"segundo": 148, "angle1": 191, "angle2": 186}, {"segundo": 148, "angle1": 191, "angle2": 186}, {"segundo": 148, "angle1": 191, "angle2": 186}, {"segundo": 148, "angle1": 191, "angle2": 186}, {"segundo": 148, "angle1": 191, "angle2": 186}, {"segundo": 148, "angle1": 191, "angle2": 186}, {"segundo": 148, "angle1": 191, "angle2": 186}, {"segundo": 149, "angle1": 191, "angle2": 186}, {"segundo": 149, "angle1": 191, "angle2": 186}, {"segundo": 149, "angle1": 191, "angle2": 186}, {"segundo": 149, "angle1": 191, "angle2": 186}, {"segundo": 149, "angle1": 191, "angle2": 186}, {"segundo": 149, "angle1": 191, "angle2": 186}, {"segundo": 149, "angle1": 191, "angle2": 186}, {"segundo": 149, "angle1": 191, "angle2": 186}, {"segundo": 149, "angle1": 191, "angle2": 186}, {"segundo": 149, "angle1": 191, "angle2": 186}, {"segundo": 149, "angle1": 191, "angle2": 186}, {"segundo": 149, "angle1": 191, "angle2": 186}, {"segundo": 149, "angle1": 191, "angle2": 186}, {"segundo": 149, "angle1": 191, "angle2": 186}, {"segundo": 149, "angle1": 191, "angle2": 186}, {"segundo": 149, "angle1": 191, "angle2": 186}, {"segundo": 149, "angle1": 191, "angle2": 186}, {"segundo": 149, "angle1": 191, "angle2": 186}, {"segundo": 149, "angle1": 191, "angle2": 186}, {"segundo": 149, "angle1": 191, "angle2": 186}, {"segundo": 149, "angle1": 191, "angle2": 186}, {"segundo": 149, "angle1": 191, "angle2": 186}, {"segundo": 149, "angle1": 191, "angle2": 186}, {"segundo": 149, "angle1": 191, "angle2": 186}, {"segundo": 149, "angle1": 191, "angle2": 186}, {"segundo": 149, "angle1": 191, "angle2": 186}, {"segundo": 149, "angle1": 191, "angle2": 186}, {"segundo": 150, "angle1": 191, "angle2": 186}, {"segundo": 150, "angle1": 191, "angle2": 186}, {"segundo": 150, "angle1": 191, "angle2": 186}, {"segundo": 150, "angle1": 191, "angle2": 186}, {"segundo": 150, "angle1": 191, "angle2": 186}, {"segundo": 150, "angle1": 191, "angle2": 186}, {"segundo": 150, "angle1": 191, "angle2": 186}, {"segundo": 150, "angle1": 191, "angle2": 186}, {"segundo": 150, "angle1": 191, "angle2": 186}, {"segundo": 150, "angle1": 191, "angle2": 186}, {"segundo": 150, "angle1": 191, "angle2": 186}, {"segundo": 150, "angle1": 191, "angle2": 186}, {"segundo": 150, "angle1": 191, "angle2": 186}, {"segundo": 150, "angle1": 191, "angle2": 186}, {"segundo": 150, "angle1": 191, "angle2": 186}, {"segundo": 150, "angle1": 191, "angle2": 186}, {"segundo": 150, "angle1": 191, "angle2": 186}, {"segundo": 150, "angle1": 191, "angle2": 186}, {"segundo": 150, "angle1": 191, "angle2": 186}, {"segundo": 150, "angle1": 191, "angle2": 186}, {"segundo": 150, "angle1": 191, "angle2": 186}, {"segundo": 150, "angle1": 191, "angle2": 186}, {"segundo": 150, "angle1": 191, "angle2": 186}, {"segundo": 150, "angle1": 191, "angle2": 186}, {"segundo": 150, "angle1": 191, "angle2": 186}, {"segundo": 150, "angle1": 191, "angle2": 186}, {"segundo": 151, "angle1": 191, "angle2": 186}, {"segundo": 151, "angle1": 191, "angle2": 186}, {"segundo": 151, "angle1": 191, "angle2": 186}, {"segundo": 151, "angle1": 191, "angle2": 186}, {"segundo": 151, "angle1": 191, "angle2": 186}, {"segundo": 151, "angle1": 191, "angle2": 186}, {"segundo": 151, "angle1": 191, "angle2": 186}, {"segundo": 151, "angle1": 191, "angle2": 186}, {"segundo": 151, "angle1": 191, "angle2": 186}, {"segundo": 151, "angle1": 191, "angle2": 186}, {"segundo": 151, "angle1": 191, "angle2": 186}, {"segundo": 151, "angle1": 191, "angle2": 186}, {"segundo": 151, "angle1": 191, "angle2": 186}, {"segundo": 151, "angle1": 191, "angle2": 186}, {"segundo": 151, "angle1": 191, "angle2": 186}, {"segundo": 151, "angle1": 191, "angle2": 186}, {"segundo": 151, "angle1": 191, "angle2": 186}, {"segundo": 151, "angle1": 191, "angle2": 186}, {"segundo": 151, "angle1": 191, "angle2": 186}, {"segundo": 151, "angle1": 191, "angle2": 186}, {"segundo": 151, "angle1": 191, "angle2": 186}, {"segundo": 151, "angle1": 191, "angle2": 186}, {"segundo": 151, "angle1": 191, "angle2": 186}, {"segundo": 151, "angle1": 221, "angle2": 131}, {"segundo": 151, "angle1": 221, "angle2": 131}, {"segundo": 151, "angle1": 221, "angle2": 131}, {"segundo": 152, "angle1": 221, "angle2": 131}, {"segundo": 152, "angle1": 221, "angle2": 130}, {"segundo": 152, "angle1": 219, "angle2": 130}, {"segundo": 152, "angle1": 219, "angle2": 130}, {"segundo": 152, "angle1": 221, "angle2": 126}, {"segundo": 152, "angle1": 222, "angle2": 124}, {"segundo": 152, "angle1": 222, "angle2": 124}, {"segundo": 152, "angle1": 222, "angle2": 124}, {"segundo": 152, "angle1": 222, "angle2": 124}, {"segundo": 152, "angle1": 222, "angle2": 124}, {"segundo": 152, "angle1": 222, "angle2": 124}, {"segundo": 152, "angle1": 222, "angle2": 124}, {"segundo": 152, "angle1": 224, "angle2": 124}, {"segundo": 152, "angle1": 224, "angle2": 124}, {"segundo": 152, "angle1": 224, "angle2": 124}, {"segundo": 152, "angle1": 224, "angle2": 124}, {"segundo": 152, "angle1": 224, "angle2": 124}, {"segundo": 152, "angle1": 223, "angle2": 127}, {"segundo": 152, "angle1": 223, "angle2": 127}, {"segundo": 152, "angle1": 223, "angle2": 127}, {"segundo": 152, "angle1": 223, "angle2": 127}, {"segundo": 152, "angle1": 226, "angle2": 120}, {"segundo": 152, "angle1": 224, "angle2": 123}, {"segundo": 153, "angle1": 223, "angle2": 123}, {"segundo": 153, "angle1": 224, "angle2": 124}, {"segundo": 153, "angle1": 224, "angle2": 123}, {"segundo": 153, "angle1": 222, "angle2": 124}, {"segundo": 153, "angle1": 221, "angle2": 128}, {"segundo": 153, "angle1": 220, "angle2": 131}, {"segundo": 153, "angle1": 218, "angle2": 134}, {"segundo": 153, "angle1": 218, "angle2": 134}, {"segundo": 153, "angle1": 215, "angle2": 138}, {"segundo": 153, "angle1": 215, "angle2": 139}, {"segundo": 153, "angle1": 208, "angle2": 148}, {"segundo": 153, "angle1": 209, "angle2": 149}, {"segundo": 153, "angle1": 207, "angle2": 153}, {"segundo": 153, "angle1": 207, "angle2": 155}, {"segundo": 153, "angle1": 207, "angle2": 155}, {"segundo": 153, "angle1": 202, "angle2": 165}, {"segundo": 153, "angle1": 199, "angle2": 169}, {"segundo": 153, "angle1": 199, "angle2": 169}, {"segundo": 153, "angle1": 196, "angle2": 177}, {"segundo": 153, "angle1": 195, "angle2": 179}, {"segundo": 153, "angle1": 193, "angle2": 180}, {"segundo": 153, "angle1": 193, "angle2": 180}, {"segundo": 153, "angle1": 194, "angle2": 180}, {"segundo": 153, "angle1": 195, "angle2": 178}, {"segundo": 153, "angle1": 195, "angle2": 178}, {"segundo": 154, "angle1": 195, "angle2": 178}, {"segundo": 154, "angle1": 195, "angle2": 178}, {"segundo": 154, "angle1": 200, "angle2": 167}, {"segundo": 154, "angle1": 201, "angle2": 165}, {"segundo": 154, "angle1": 203, "angle2": 161}, {"segundo": 154, "angle1": 205, "angle2": 157}, {"segundo": 154, "angle1": 207, "angle2": 153}, {"segundo": 154, "angle1": 208, "angle2": 151}, {"segundo": 154, "angle1": 211, "angle2": 145}, {"segundo": 154, "angle1": 213, "angle2": 141}, {"segundo": 154, "angle1": 213, "angle2": 142}, {"segundo": 154, "angle1": 215, "angle2": 138}, {"segundo": 154, "angle1": 216, "angle2": 136}, {"segundo": 154, "angle1": 216, "angle2": 135}, {"segundo": 154, "angle1": 216, "angle2": 135}, {"segundo": 154, "angle1": 217, "angle2": 131}, {"segundo": 154, "angle1": 219, "angle2": 129}, {"segundo": 154, "angle1": 219, "angle2": 129}, {"segundo": 154, "angle1": 221, "angle2": 125}, {"segundo": 154, "angle1": 222, "angle2": 125}, {"segundo": 154, "angle1": 224, "angle2": 122}, {"segundo": 154, "angle1": 224, "angle2": 121}, {"segundo": 154, "angle1": 224, "angle2": 118}, {"segundo": 154, "angle1": 227, "angle2": 116}, {"segundo": 154, "angle1": 227, "angle2": 116}, {"segundo": 155, "angle1": 227, "angle2": 116}, {"segundo": 155, "angle1": 227, "angle2": 116}, {"segundo": 155, "angle1": 229, "angle2": 112}, {"segundo": 155, "angle1": 231, "angle2": 109}, {"segundo": 155, "angle1": 232, "angle2": 108}, {"segundo": 155, "angle1": 230, "angle2": 108}, {"segundo": 155, "angle1": 232, "angle2": 108}, {"segundo": 155, "angle1": 231, "angle2": 108}, {"segundo": 155, "angle1": 231, "angle2": 107}, {"segundo": 155, "angle1": 231, "angle2": 109}, {"segundo": 155, "angle1": 231, "angle2": 109}, {"segundo": 155, "angle1": 231, "angle2": 109}, {"segundo": 155, "angle1": 228, "angle2": 112}, {"segundo": 155, "angle1": 228, "angle2": 112}, {"segundo": 155, "angle1": 226, "angle2": 116}, {"segundo": 155, "angle1": 226, "angle2": 116}, {"segundo": 155, "angle1": 225, "angle2": 120}, {"segundo": 155, "angle1": 225, "angle2": 120}, {"segundo": 155, "angle1": 221, "angle2": 125}, {"segundo": 155, "angle1": 218, "angle2": 128}, {"segundo": 155, "angle1": 215, "angle2": 135}, {"segundo": 155, "angle1": 212, "angle2": 139}, {"segundo": 155, "angle1": 212, "angle2": 139}, {"segundo": 155, "angle1": 209, "angle2": 147}, {"segundo": 155, "angle1": 208, "angle2": 151}, {"segundo": 156, "angle1": 206, "angle2": 153}, {"segundo": 156, "angle1": 202, "angle2": 161}, {"segundo": 156, "angle1": 200, "angle2": 165}, {"segundo": 156, "angle1": 198, "angle2": 169}, {"segundo": 156, "angle1": 197, "angle2": 171}, {"segundo": 156, "angle1": 195, "angle2": 180}, {"segundo": 156, "angle1": 195, "angle2": 180}, {"segundo": 156, "angle1": 195, "angle2": 180}, {"segundo": 156, "angle1": 188, "angle2": 193}, {"segundo": 156, "angle1": 185, "angle2": 196}, {"segundo": 156, "angle1": 185, "angle2": 196}, {"segundo": 156, "angle1": 185, "angle2": 196}, {"segundo": 156, "angle1": 181, "angle2": 204}, {"segundo": 156, "angle1": 182, "angle2": 205}, {"segundo": 156, "angle1": 179, "angle2": 207}, {"segundo": 156, "angle1": 179, "angle2": 207}, {"segundo": 156, "angle1": 179, "angle2": 207}, {"segundo": 156, "angle1": 177, "angle2": 212}, {"segundo": 156, "angle1": 177, "angle2": 212}, {"segundo": 156, "angle1": 177, "angle2": 212}, {"segundo": 156, "angle1": 177, "angle2": 212}, {"segundo": 156, "angle1": 177, "angle2": 212}, {"segundo": 156, "angle1": 174, "angle2": 218}, {"segundo": 156, "angle1": 174, "angle2": 218}, {"segundo": 156, "angle1": 174, "angle2": 218}, {"segundo": 157, "angle1": 173, "angle2": 221}, {"segundo": 157, "angle1": 173, "angle2": 221}, {"segundo": 157, "angle1": 173, "angle2": 221}, {"segundo": 157, "angle1": 173, "angle2": 221}, {"segundo": 157, "angle1": 173, "angle2": 221}, {"segundo": 157, "angle1": 173, "angle2": 222}, {"segundo": 157, "angle1": 173, "angle2": 222}, {"segundo": 157, "angle1": 174, "angle2": 221}, {"segundo": 157, "angle1": 174, "angle2": 221}, {"segundo": 157, "angle1": 174, "angle2": 220}, {"segundo": 157, "angle1": 174, "angle2": 220}, {"segundo": 157, "angle1": 174, "angle2": 220}, {"segundo": 157, "angle1": 174, "angle2": 220}, {"segundo": 157, "angle1": 174, "angle2": 220}, {"segundo": 157, "angle1": 174, "angle2": 220}, {"segundo": 158, "angle1": 174, "angle2": 220}, {"segundo": 158, "angle1": 173, "angle2": 223}, {"segundo": 158, "angle1": 173, "angle2": 223}, {"segundo": 158, "angle1": 173, "angle2": 223}, {"segundo": 158, "angle1": 173, "angle2": 223}, {"segundo": 158, "angle1": 173, "angle2": 223}, {"segundo": 158, "angle1": 173, "angle2": 223}, {"segundo": 158, "angle1": 173, "angle2": 223}, {"segundo": 158, "angle1": 173, "angle2": 223}, {"segundo": 158, "angle1": 173, "angle2": 223}, {"segundo": 158, "angle1": 173, "angle2": 223}, {"segundo": 158, "angle1": 173, "angle2": 223}, {"segundo": 159, "angle1": 173, "angle2": 223}, {"segundo": 159, "angle1": 173, "angle2": 223}, {"segundo": 159, "angle1": 173, "angle2": 223}, {"segundo": 159, "angle1": 173, "angle2": 223}, {"segundo": 159, "angle1": 173, "angle2": 223}, {"segundo": 159, "angle1": 173, "angle2": 223}, {"segundo": 159, "angle1": 173, "angle2": 223}, {"segundo": 159, "angle1": 173, "angle2": 223}, {"segundo": 159, "angle1": 173, "angle2": 223}, {"segundo": 159, "angle1": 173, "angle2": 223}, {"segundo": 159, "angle1": 173, "angle2": 223}, {"segundo": 159, "angle1": 173, "angle2": 223}, {"segundo": 159, "angle1": 173, "angle2": 223}, {"segundo": 160, "angle1": 173, "angle2": 223}, {"segundo": 160, "angle1": 173, "angle2": 223}, {"segundo": 160, "angle1": 173, "angle2": 223}, {"segundo": 160, "angle1": 173, "angle2": 223}, {"segundo": 160, "angle1": 170, "angle2": 226}, {"segundo": 160, "angle1": 170, "angle2": 226}, {"segundo": 160, "angle1": 170, "angle2": 227}, {"segundo": 160, "angle1": 170, "angle2": 227}, {"segundo": 160, "angle1": 171, "angle2": 225}, {"segundo": 160, "angle1": 171, "angle2": 225}, {"segundo": 160, "angle1": 170, "angle2": 226}, {"segundo": 160, "angle1": 171, "angle2": 226}, {"segundo": 160, "angle1": 170, "angle2": 226}, {"segundo": 160, "angle1": 171, "angle2": 227}, {"segundo": 160, "angle1": 171, "angle2": 227}, {"segundo": 160, "angle1": 169, "angle2": 228}, {"segundo": 161, "angle1": 170, "angle2": 227}, {"segundo": 161, "angle1": 171, "angle2": 225}, {"segundo": 161, "angle1": 171, "angle2": 226}, {"segundo": 161, "angle1": 171, "angle2": 226}, {"segundo": 161, "angle1": 169, "angle2": 226}, {"segundo": 161, "angle1": 171, "angle2": 227}, {"segundo": 161, "angle1": 170, "angle2": 226}, {"segundo": 161, "angle1": 170, "angle2": 227}, {"segundo": 161, "angle1": 170, "angle2": 226}, {"segundo": 161, "angle1": 169, "angle2": 228}, {"segundo": 161, "angle1": 171, "angle2": 226}, {"segundo": 161, "angle1": 170, "angle2": 228}, {"segundo": 161, "angle1": 170, "angle2": 227}, {"segundo": 161, "angle1": 170, "angle2": 228}, {"segundo": 161, "angle1": 170, "angle2": 228}, {"segundo": 161, "angle1": 170, "angle2": 227}, {"segundo": 161, "angle1": 169, "angle2": 227}, {"segundo": 161, "angle1": 170, "angle2": 227}, {"segundo": 161, "angle1": 170, "angle2": 227}, {"segundo": 161, "angle1": 171, "angle2": 227}, {"segundo": 161, "angle1": 170, "angle2": 226}, {"segundo": 161, "angle1": 170, "angle2": 227}, {"segundo": 161, "angle1": 170, "angle2": 227}, {"segundo": 161, "angle1": 170, "angle2": 227}, {"segundo": 162, "angle1": 169, "angle2": 229}, {"segundo": 162, "angle1": 170, "angle2": 226}, {"segundo": 162, "angle1": 170, "angle2": 227}, {"segundo": 162, "angle1": 170, "angle2": 226}, {"segundo": 162, "angle1": 170, "angle2": 227}, {"segundo": 162, "angle1": 169, "angle2": 228}, {"segundo": 162, "angle1": 169, "angle2": 227}, {"segundo": 162, "angle1": 171, "angle2": 227}, {"segundo": 162, "angle1": 169, "angle2": 227}, {"segundo": 162, "angle1": 171, "angle2": 226}, {"segundo": 162, "angle1": 169, "angle2": 227}, {"segundo": 162, "angle1": 170, "angle2": 228}, {"segundo": 162, "angle1": 172, "angle2": 226}, {"segundo": 162, "angle1": 170, "angle2": 226}, {"segundo": 162, "angle1": 169, "angle2": 228}, {"segundo": 162, "angle1": 169, "angle2": 228}, {"segundo": 162, "angle1": 169, "angle2": 228}, {"segundo": 162, "angle1": 169, "angle2": 228}, {"segundo": 162, "angle1": 171, "angle2": 227}, {"segundo": 162, "angle1": 171, "angle2": 226}, {"segundo": 162, "angle1": 171, "angle2": 227}, {"segundo": 162, "angle1": 171, "angle2": 227}, {"segundo": 162, "angle1": 171, "angle2": 226}, {"segundo": 162, "angle1": 169, "angle2": 227}, {"segundo": 163, "angle1": 171, "angle2": 226}, {"segundo": 163, "angle1": 171, "angle2": 226}, {"segundo": 163, "angle1": 169, "angle2": 227}, {"segundo": 163, "angle1": 169, "angle2": 227}, {"segundo": 163, "angle1": 170, "angle2": 227}, {"segundo": 163, "angle1": 170, "angle2": 227}, {"segundo": 163, "angle1": 170, "angle2": 227}, {"segundo": 163, "angle1": 171, "angle2": 227}, {"segundo": 163, "angle1": 172, "angle2": 226}, {"segundo": 163, "angle1": 171, "angle2": 227}, {"segundo": 163, "angle1": 171, "angle2": 227}, {"segundo": 163, "angle1": 170, "angle2": 226}, {"segundo": 163, "angle1": 171, "angle2": 227}, {"segundo": 163, "angle1": 170, "angle2": 227}, {"segundo": 163, "angle1": 169, "angle2": 228}, {"segundo": 163, "angle1": 168, "angle2": 228}, {"segundo": 163, "angle1": 170, "angle2": 227}, {"segundo": 164, "angle1": 172, "angle2": 226}, {"segundo": 164, "angle1": 172, "angle2": 227}, {"segundo": 164, "angle1": 169, "angle2": 227}, {"segundo": 164, "angle1": 170, "angle2": 227}, {"segundo": 164, "angle1": 169, "angle2": 227}, {"segundo": 164, "angle1": 171, "angle2": 227}, {"segundo": 164, "angle1": 168, "angle2": 229}, {"segundo": 164, "angle1": 168, "angle2": 228}, {"segundo": 164, "angle1": 169, "angle2": 227}, {"segundo": 164, "angle1": 170, "angle2": 227}, {"segundo": 164, "angle1": 172, "angle2": 226}, {"segundo": 164, "angle1": 170, "angle2": 227}, {"segundo": 164, "angle1": 172, "angle2": 226}, {"segundo": 164, "angle1": 170, "angle2": 227}, {"segundo": 164, "angle1": 170, "angle2": 227}, {"segundo": 164, "angle1": 170, "angle2": 227}, {"segundo": 164, "angle1": 169, "angle2": 227}, {"segundo": 164, "angle1": 172, "angle2": 226}, {"segundo": 164, "angle1": 172, "angle2": 227}, {"segundo": 165, "angle1": 170, "angle2": 228}, {"segundo": 165, "angle1": 170, "angle2": 228}, {"segundo": 165, "angle1": 170, "angle2": 227}, {"segundo": 165, "angle1": 169, "angle2": 227}, {"segundo": 165, "angle1": 169, "angle2": 227}, {"segundo": 165, "angle1": 170, "angle2": 226}, {"segundo": 165, "angle1": 170, "angle2": 226}, {"segundo": 165, "angle1": 169, "angle2": 226}, {"segundo": 165, "angle1": 169, "angle2": 227}, {"segundo": 165, "angle1": 170, "angle2": 227}, {"segundo": 165, "angle1": 171, "angle2": 226}, {"segundo": 165, "angle1": 170, "angle2": 228}, {"segundo": 165, "angle1": 170, "angle2": 226}, {"segundo": 165, "angle1": 171, "angle2": 227}, {"segundo": 165, "angle1": 171, "angle2": 226}, {"segundo": 165, "angle1": 171, "angle2": 227}, {"segundo": 165, "angle1": 170, "angle2": 227}, {"segundo": 165, "angle1": 170, "angle2": 227}, {"segundo": 165, "angle1": 169, "angle2": 228}, {"segundo": 165, "angle1": 170, "angle2": 227}, {"segundo": 165, "angle1": 170, "angle2": 227}, {"segundo": 165, "angle1": 170, "angle2": 227}, {"segundo": 166, "angle1": 170, "angle2": 227}, {"segundo": 166, "angle1": 172, "angle2": 225}, {"segundo": 166, "angle1": 170, "angle2": 227}, {"segundo": 166, "angle1": 170, "angle2": 227}, {"segundo": 166, "angle1": 170, "angle2": 227}, {"segundo": 166, "angle1": 169, "angle2": 227}, {"segundo": 166, "angle1": 170, "angle2": 227}, {"segundo": 166, "angle1": 170, "angle2": 227}, {"segundo": 166, "angle1": 169, "angle2": 227}, {"segundo": 166, "angle1": 169, "angle2": 227}, {"segundo": 166, "angle1": 170, "angle2": 227}, {"segundo": 166, "angle1": 170, "angle2": 227}, {"segundo": 166, "angle1": 169, "angle2": 227}, {"segundo": 166, "angle1": 170, "angle2": 227}, {"segundo": 166, "angle1": 170, "angle2": 227}, {"segundo": 166, "angle1": 170, "angle2": 227}, {"segundo": 166, "angle1": 171, "angle2": 226}, {"segundo": 166, "angle1": 170, "angle2": 227}, {"segundo": 166, "angle1": 172, "angle2": 225}, {"segundo": 166, "angle1": 170, "angle2": 227}, {"segundo": 166, "angle1": 170, "angle2": 227}, {"segundo": 166, "angle1": 170, "angle2": 227}, {"segundo": 166, "angle1": 170, "angle2": 227}, {"segundo": 167, "angle1": 170, "angle2": 227}, {"segundo": 167, "angle1": 170, "angle2": 227}, {"segundo": 167, "angle1": 170, "angle2": 227}, {"segundo": 167, "angle1": 170, "angle2": 227}, {"segundo": 167, "angle1": 170, "angle2": 227}, {"segundo": 167, "angle1": 169, "angle2": 227}, {"segundo": 167, "angle1": 170, "angle2": 227}, {"segundo": 167, "angle1": 171, "angle2": 226}, {"segundo": 167, "angle1": 170, "angle2": 226}, {"segundo": 167, "angle1": 169, "angle2": 228}, {"segundo": 167, "angle1": 171, "angle2": 227}, {"segundo": 167, "angle1": 169, "angle2": 227}, {"segundo": 167, "angle1": 171, "angle2": 227}, {"segundo": 167, "angle1": 170, "angle2": 228}, {"segundo": 167, "angle1": 170, "angle2": 228}, {"segundo": 167, "angle1": 169, "angle2": 227}, {"segundo": 167, "angle1": 169, "angle2": 228}, {"segundo": 167, "angle1": 169, "angle2": 228}, {"segundo": 167, "angle1": 169, "angle2": 228}, {"segundo": 167, "angle1": 171, "angle2": 226}, {"segundo": 167, "angle1": 170, "angle2": 227}, {"segundo": 167, "angle1": 170, "angle2": 228}, {"segundo": 167, "angle1": 169, "angle2": 227}, {"segundo": 168, "angle1": 169, "angle2": 228}, {"segundo": 168, "angle1": 171, "angle2": 227}, {"segundo": 168, "angle1": 170, "angle2": 227}, {"segundo": 168, "angle1": 170, "angle2": 228}, {"segundo": 168, "angle1": 170, "angle2": 228}, {"segundo": 168, "angle1": 171, "angle2": 226}, {"segundo": 168, "angle1": 171, "angle2": 226}, {"segundo": 168, "angle1": 170, "angle2": 227}, {"segundo": 168, "angle1": 171, "angle2": 226}, {"segundo": 168, "angle1": 170, "angle2": 227}, {"segundo": 168, "angle1": 170, "angle2": 227}, {"segundo": 168, "angle1": 171, "angle2": 227}, {"segundo": 168, "angle1": 171, "angle2": 226}, {"segundo": 168, "angle1": 169, "angle2": 227}, {"segundo": 168, "angle1": 169, "angle2": 228}, {"segundo": 168, "angle1": 171, "angle2": 226}, {"segundo": 168, "angle1": 169, "angle2": 227}, {"segundo": 168, "angle1": 170, "angle2": 227}, {"segundo": 168, "angle1": 171, "angle2": 226}, {"segundo": 168, "angle1": 168, "angle2": 229}, {"segundo": 168, "angle1": 168, "angle2": 228}, {"segundo": 168, "angle1": 170, "angle2": 226}, {"segundo": 169, "angle1": 170, "angle2": 227}, {"segundo": 169, "angle1": 171, "angle2": 228}, {"segundo": 169, "angle1": 170, "angle2": 227}, {"segundo": 169, "angle1": 171, "angle2": 228}, {"segundo": 169, "angle1": 169, "angle2": 226}, {"segundo": 169, "angle1": 170, "angle2": 226}, {"segundo": 169, "angle1": 171, "angle2": 227}, {"segundo": 169, "angle1": 171, "angle2": 227}, {"segundo": 169, "angle1": 171, "angle2": 227}, {"segundo": 169, "angle1": 171, "angle2": 227}, {"segundo": 169, "angle1": 171, "angle2": 226}, {"segundo": 169, "angle1": 171, "angle2": 226}, {"segundo": 169, "angle1": 171, "angle2": 226}, {"segundo": 169, "angle1": 171, "angle2": 226}, {"segundo": 169, "angle1": 169, "angle2": 228}, {"segundo": 169, "angle1": 171, "angle2": 228}, {"segundo": 169, "angle1": 172, "angle2": 226}, {"segundo": 169, "angle1": 170, "angle2": 226}, {"segundo": 169, "angle1": 171, "angle2": 228}, {"segundo": 169, "angle1": 170, "angle2": 227}, {"segundo": 169, "angle1": 171, "angle2": 227}, {"segundo": 169, "angle1": 170, "angle2": 227}, {"segundo": 170, "angle1": 170, "angle2": 227}]}