{"3": [{"segundo": 186, "angle1": 17, "angle2": 331}, {"segundo": 186, "angle1": 17, "angle2": 331}, {"segundo": 186, "angle1": 17, "angle2": 331}, {"segundo": 186, "angle1": 17, "angle2": 331}, {"segundo": 186, "angle1": 17, "angle2": 331}, {"segundo": 186, "angle1": 17, "angle2": 331}, {"segundo": 186, "angle1": 17, "angle2": 331}, {"segundo": 186, "angle1": 17, "angle2": 331}, {"segundo": 186, "angle1": 17, "angle2": 331}, {"segundo": 186, "angle1": 17, "angle2": 331}, {"segundo": 186, "angle1": 17, "angle2": 331}, {"segundo": 186, "angle1": 17, "angle2": 331}, {"segundo": 186, "angle1": 17, "angle2": 331}, {"segundo": 186, "angle1": 17, "angle2": 329}, {"segundo": 186, "angle1": 17, "angle2": 329}, {"segundo": 186, "angle1": 17, "angle2": 329}, {"segundo": 186, "angle1": 17, "angle2": 329}, {"segundo": 186, "angle1": 17, "angle2": 329}, {"segundo": 186, "angle1": 17, "angle2": 329}, {"segundo": 186, "angle1": 17, "angle2": 329}, {"segundo": 186, "angle1": 17, "angle2": 329}, {"segundo": 186, "angle1": 17, "angle2": 329}, {"segundo": 186, "angle1": 17, "angle2": 329}, {"segundo": 186, "angle1": 17, "angle2": 329}, {"segundo": 186, "angle1": 17, "angle2": 329}, {"segundo": 186, "angle1": 17, "angle2": 329}, {"segundo": 186, "angle1": 17, "angle2": 329}, {"segundo": 186, "angle1": 17, "angle2": 329}, {"segundo": 186, "angle1": 17, "angle2": 329}, {"segundo": 187, "angle1": 17, "angle2": 329}, {"segundo": 187, "angle1": 17, "angle2": 329}, {"segundo": 187, "angle1": 17, "angle2": 329}, {"segundo": 187, "angle1": 17, "angle2": 329}, {"segundo": 187, "angle1": 17, "angle2": 329}, {"segundo": 187, "angle1": 17, "angle2": 329}, {"segundo": 187, "angle1": 17, "angle2": 329}, {"segundo": 187, "angle1": 17, "angle2": 329}, {"segundo": 187, "angle1": 17, "angle2": 321}, {"segundo": 187, "angle1": 17, "angle2": 321}, {"segundo": 187, "angle1": 17, "angle2": 321}, {"segundo": 187, "angle1": 17, "angle2": 321}, {"segundo": 187, "angle1": 17, "angle2": 321}, {"segundo": 187, "angle1": 17, "angle2": 321}, {"segundo": 187, "angle1": 17, "angle2": 321}, {"segundo": 187, "angle1": 17, "angle2": 321}, {"segundo": 187, "angle1": 18, "angle2": 318}, {"segundo": 187, "angle1": 18, "angle2": 318}, {"segundo": 187, "angle1": 18, "angle2": 318}, {"segundo": 187, "angle1": 18, "angle2": 318}, {"segundo": 187, "angle1": 18, "angle2": 318}, {"segundo": 187, "angle1": 18, "angle2": 318}, {"segundo": 187, "angle1": 18, "angle2": 318}, {"segundo": 187, "angle1": 18, "angle2": 318}, {"segundo": 187, "angle1": 18, "angle2": 318}, {"segundo": 187, "angle1": 18, "angle2": 318}, {"segundo": 187, "angle1": 18, "angle2": 318}, {"segundo": 187, "angle1": 18, "angle2": 318}, {"segundo": 187, "angle1": 18, "angle2": 318}, {"segundo": 187, "angle1": 18, "angle2": 318}, {"segundo": 187, "angle1": 18, "angle2": 318}, {"segundo": 187, "angle1": 18, "angle2": 318}, {"segundo": 188, "angle1": 18, "angle2": 318}, {"segundo": 188, "angle1": 18, "angle2": 318}, {"segundo": 188, "angle1": 18, "angle2": 318}, {"segundo": 188, "angle1": 18, "angle2": 318}, {"segundo": 188, "angle1": 17, "angle2": 316}, {"segundo": 188, "angle1": 17, "angle2": 316}, {"segundo": 188, "angle1": 17, "angle2": 316}, {"segundo": 188, "angle1": 17, "angle2": 316}, {"segundo": 188, "angle1": 17, "angle2": 316}, {"segundo": 188, "angle1": 17, "angle2": 316}, {"segundo": 188, "angle1": 17, "angle2": 316}, {"segundo": 188, "angle1": 17, "angle2": 316}, {"segundo": 188, "angle1": 17, "angle2": 316}, {"segundo": 188, "angle1": 17, "angle2": 316}, {"segundo": 188, "angle1": 17, "angle2": 316}, {"segundo": 188, "angle1": 17, "angle2": 316}, {"segundo": 188, "angle1": 17, "angle2": 316}, {"segundo": 188, "angle1": 17, "angle2": 316}, {"segundo": 188, "angle1": 17, "angle2": 317}, {"segundo": 188, "angle1": 17, "angle2": 317}, {"segundo": 188, "angle1": 17, "angle2": 317}, {"segundo": 188, "angle1": 17, "angle2": 317}, {"segundo": 188, "angle1": 17, "angle2": 316}, {"segundo": 188, "angle1": 17, "angle2": 316}, {"segundo": 188, "angle1": 17, "angle2": 316}, {"segundo": 188, "angle1": 17, "angle2": 316}, {"segundo": 188, "angle1": 17, "angle2": 316}, {"segundo": 188, "angle1": 17, "angle2": 316}, {"segundo": 188, "angle1": 17, "angle2": 316}, {"segundo": 188, "angle1": 17, "angle2": 316}, {"segundo": 188, "angle1": 274, "angle2": 238}, {"segundo": 188, "angle1": 274, "angle2": 238}, {"segundo": 189, "angle1": 274, "angle2": 238}, {"segundo": 189, "angle1": 274, "angle2": 238}, {"segundo": 189, "angle1": 274, "angle2": 238}, {"segundo": 189, "angle1": 272, "angle2": 241}, {"segundo": 189, "angle1": 272, "angle2": 241}, {"segundo": 189, "angle1": 272, "angle2": 241}, {"segundo": 189, "angle1": 270, "angle2": 243}, {"segundo": 189, "angle1": 270, "angle2": 243}, {"segundo": 189, "angle1": 267, "angle2": 245}, {"segundo": 189, "angle1": 269, "angle2": 244}, {"segundo": 189, "angle1": 269, "angle2": 243}, {"segundo": 189, "angle1": 269, "angle2": 243}, {"segundo": 189, "angle1": 269, "angle2": 243}, {"segundo": 189, "angle1": 269, "angle2": 243}, {"segundo": 189, "angle1": 269, "angle2": 243}, {"segundo": 189, "angle1": 269, "angle2": 243}, {"segundo": 189, "angle1": 269, "angle2": 243}, {"segundo": 189, "angle1": 269, "angle2": 243}, {"segundo": 189, "angle1": 269, "angle2": 243}, {"segundo": 189, "angle1": 270, "angle2": 238}, {"segundo": 189, "angle1": 270, "angle2": 238}, {"segundo": 189, "angle1": 270, "angle2": 238}, {"segundo": 189, "angle1": 270, "angle2": 237}, {"segundo": 189, "angle1": 270, "angle2": 237}, {"segundo": 189, "angle1": 270, "angle2": 237}, {"segundo": 189, "angle1": 270, "angle2": 238}, {"segundo": 189, "angle1": 270, "angle2": 238}, {"segundo": 189, "angle1": 270, "angle2": 238}, {"segundo": 189, "angle1": 270, "angle2": 238}, {"segundo": 189, "angle1": 270, "angle2": 238}, {"segundo": 189, "angle1": 270, "angle2": 238}, {"segundo": 190, "angle1": 271, "angle2": 237}, {"segundo": 190, "angle1": 269, "angle2": 239}, {"segundo": 190, "angle1": 269, "angle2": 239}, {"segundo": 190, "angle1": 271, "angle2": 238}, {"segundo": 190, "angle1": 269, "angle2": 239}, {"segundo": 190, "angle1": 269, "angle2": 239}, {"segundo": 190, "angle1": 271, "angle2": 237}, {"segundo": 190, "angle1": 271, "angle2": 237}, {"segundo": 190, "angle1": 269, "angle2": 238}, {"segundo": 190, "angle1": 269, "angle2": 238}, {"segundo": 190, "angle1": 269, "angle2": 238}, {"segundo": 190, "angle1": 270, "angle2": 238}, {"segundo": 190, "angle1": 271, "angle2": 237}, {"segundo": 190, "angle1": 270, "angle2": 238}, {"segundo": 190, "angle1": 270, "angle2": 238}, {"segundo": 190, "angle1": 268, "angle2": 238}, {"segundo": 190, "angle1": 270, "angle2": 238}, {"segundo": 190, "angle1": 267, "angle2": 240}, {"segundo": 190, "angle1": 267, "angle2": 240}, {"segundo": 190, "angle1": 267, "angle2": 240}, {"segundo": 190, "angle1": 267, "angle2": 240}, {"segundo": 190, "angle1": 267, "angle2": 240}, {"segundo": 190, "angle1": 267, "angle2": 240}, {"segundo": 190, "angle1": 267, "angle2": 240}, {"segundo": 190, "angle1": 267, "angle2": 240}, {"segundo": 190, "angle1": 267, "angle2": 240}, {"segundo": 190, "angle1": 267, "angle2": 240}, {"segundo": 190, "angle1": 267, "angle2": 240}, {"segundo": 190, "angle1": 267, "angle2": 240}, {"segundo": 190, "angle1": 267, "angle2": 240}, {"segundo": 190, "angle1": 267, "angle2": 240}, {"segundo": 190, "angle1": 267, "angle2": 240}, {"segundo": 191, "angle1": 267, "angle2": 240}, {"segundo": 191, "angle1": 267, "angle2": 240}, {"segundo": 191, "angle1": 267, "angle2": 240}, {"segundo": 191, "angle1": 267, "angle2": 240}, {"segundo": 191, "angle1": 267, "angle2": 240}, {"segundo": 191, "angle1": 267, "angle2": 240}, {"segundo": 191, "angle1": 267, "angle2": 240}, {"segundo": 191, "angle1": 267, "angle2": 240}, {"segundo": 191, "angle1": 267, "angle2": 240}, {"segundo": 191, "angle1": 267, "angle2": 240}, {"segundo": 191, "angle1": 267, "angle2": 240}, {"segundo": 191, "angle1": 267, "angle2": 240}, {"segundo": 191, "angle1": 267, "angle2": 240}, {"segundo": 191, "angle1": 267, "angle2": 240}, {"segundo": 191, "angle1": 267, "angle2": 240}]}